id	site	score	answers	answered	views	title	link
99199	travel	100	5	1	23695	How can black travellers deal with unwanted harassment from locals in China?	https://travel.stackexchange.com/questions/99199/how-can-black-travellers-deal-with-unwanted-harassment-from-locals-in-china
80329	travel	85	18	1	57530	How to cope with too slow Wi-Fi at hotel?	https://travel.stackexchange.com/questions/80329/how-to-cope-with-too-slow-wi-fi-at-hotel
152677	travel	69	2	1	12312	What happens when a town is under quarantine and my visa expires	https://travel.stackexchange.com/questions/152677/what-happens-when-a-town-is-under-quarantine-and-my-visa-expires
73920	travel	63	10	1	15079	Why are Chinese mountains scaled by steps? (instead of winding paths)	https://travel.stackexchange.com/questions/73920/why-are-chinese-mountains-scaled-by-steps-instead-of-winding-paths
116511	travel	57	1	1	13428	Why does the Chinese visa form specifically ask about visits to Turkey?	https://travel.stackexchange.com/questions/116511/why-does-the-chinese-visa-form-specifically-ask-about-visits-to-turkey
76737	travel	57	8	1	13918	Why do many countries in the world still require citizens of states with a high HDI to get visas?	https://travel.stackexchange.com/questions/76737/why-do-many-countries-in-the-world-still-require-citizens-of-states-with-a-high
31083	travel	55	4	1	16442	What rights do you have in China to appeal stuff being taken off you in transit?	https://travel.stackexchange.com/questions/31083/what-rights-do-you-have-in-china-to-appeal-stuff-being-taken-off-you-in-transit
44350	travel	50	2	1	8354	Who was this persistent person at Shanghai airport?	https://travel.stackexchange.com/questions/44350/who-was-this-persistent-person-at-shanghai-airport
148432	travel	48	7	1	19603	As tourist in China do I have to fear consequences for having publicly liked South Park?	https://travel.stackexchange.com/questions/148432/as-tourist-in-china-do-i-have-to-fear-consequences-for-having-publicly-liked-sou
2550	travel	46	6	1	6514	Can I read my Gmail while traveling in China?	https://travel.stackexchange.com/questions/2550/can-i-read-my-gmail-while-traveling-in-china
45231	travel	46	6	1	20114	Why does my phone&#39;s GPS not work in China?	https://travel.stackexchange.com/questions/45231/why-does-my-phones-gps-not-work-in-china
129001	travel	45	2	1	9037	How does the taxi scam work at Luohu station in Shenzhen?	https://travel.stackexchange.com/questions/129001/how-does-the-taxi-scam-work-at-luohu-station-in-shenzhen
21713	travel	40	6	1	12821	Why are there no 2,3,4,5 tier bunk beds on airplanes?	https://travel.stackexchange.com/questions/21713/why-are-there-no-2-3-4-5-tier-bunk-beds-on-airplanes
154896	travel	40	6	1	13152	What to do when visa admission expires during lockdown?	https://travel.stackexchange.com/questions/154896/what-to-do-when-visa-admission-expires-during-lockdown
120972	travel	38	3	1	7380	Internet censoring while roaming abroad with Chinese SIM cards?	https://travel.stackexchange.com/questions/120972/internet-censoring-while-roaming-abroad-with-chinese-sim-cards
124722	travel	37	7	1	12082	How can you dispute a Chinese restaurant&#39;s charge practically, in Canada?	https://travel.stackexchange.com/questions/124722/how-can-you-dispute-a-chinese-restaurants-charge-practically-in-canada
134442	travel	36	4	1	13169	Can I use my Chinese passport to enter China after I acquired another citizenship?	https://travel.stackexchange.com/questions/134442/can-i-use-my-chinese-passport-to-enter-china-after-i-acquired-another-citizenshi
85446	travel	35	4	1	17257	Is it possible to travel between India and China by rail?	https://travel.stackexchange.com/questions/85446/is-it-possible-to-travel-between-india-and-china-by-rail
106189	travel	33	9	1	9495	Which countries are visa free for both Chinese and Swiss citizens?	https://travel.stackexchange.com/questions/106189/which-countries-are-visa-free-for-both-chinese-and-swiss-citizens
158391	travel	32	2	1	13155	What is this island in the South China Sea called?	https://travel.stackexchange.com/questions/158391/what-is-this-island-in-the-south-china-sea-called
152003	travel	30	2	1	3816	Recourse against bank ATM fraud in China	https://travel.stackexchange.com/questions/152003/recourse-against-bank-atm-fraud-in-china
11	travel	30	4	1	3411	What is the best way to obtain visas for the Trans-Siberian/Trans-Mongolian Railway?	https://travel.stackexchange.com/questions/11/what-is-the-best-way-to-obtain-visas-for-the-trans-siberian-trans-mongolian-rail
94624	travel	29	4	1	7227	Traveling with medical equipment in checked baggage	https://travel.stackexchange.com/questions/94624/traveling-with-medical-equipment-in-checked-baggage
183552	travel	28	5	1	6658	Is it safe to become separated from your passport in a foreign country?	https://travel.stackexchange.com/questions/183552/is-it-safe-to-become-separated-from-your-passport-in-a-foreign-country
6545	travel	27	2	1	126144	Booking travel tickets for visa without paying?	https://travel.stackexchange.com/questions/6545/booking-travel-tickets-for-visa-without-paying
79639	travel	27	4	1	19481	How can a child with one Chinese parent, but a non-Chinese passport travel to China?	https://travel.stackexchange.com/questions/79639/how-can-a-child-with-one-chinese-parent-but-a-non-chinese-passport-travel-to-ch
7240	travel	27	2	1	5411	Would visiting North Korea as a tourist cause problems travelling anywhere else?	https://travel.stackexchange.com/questions/7240/would-visiting-north-korea-as-a-tourist-cause-problems-travelling-anywhere-else
192951	travel	26	3	1	5463	Is there a way to confirm your Alipay works before arriving in China?	https://travel.stackexchange.com/questions/192951/is-there-a-way-to-confirm-your-alipay-works-before-arriving-in-china
78972	travel	26	2	1	8058	Is it customary to tip in Guam?	https://travel.stackexchange.com/questions/78972/is-it-customary-to-tip-in-guam
203665	travel	25	2	1	4106	Is it &quot;inappropriate&quot; to take Airport Express, if the airport isn&#39;t your true origin or destination?	https://travel.stackexchange.com/questions/203665/is-it-inappropriate-to-take-airport-express-if-the-airport-isnt-your-true-or
22881	travel	25	2	1	11407	Can tourists or other travellers in China get in trouble for using a VPN or other method to get around the &quot;Great Firewall&quot;?	https://travel.stackexchange.com/questions/22881/can-tourists-or-other-travellers-in-china-get-in-trouble-for-using-a-vpn-or-othe
22927	travel	24	7	1	4334	In which places in China can travellers not stay at just any random local hotel?	https://travel.stackexchange.com/questions/22927/in-which-places-in-china-can-travellers-not-stay-at-just-any-random-local-hotel
162163	travel	24	3	1	10630	Does it take one hour to board a bullet train in China, and if so, why?	https://travel.stackexchange.com/questions/162163/does-it-take-one-hour-to-board-a-bullet-train-in-china-and-if-so-why
42401	travel	24	5	1	13140	Do Chinese customs agents check the contents of Kindles and notebooks?	https://travel.stackexchange.com/questions/42401/do-chinese-customs-agents-check-the-contents-of-kindles-and-notebooks
938	travel	24	4	1	1546	Trans-Siberian Express: Stopping along the way?	https://travel.stackexchange.com/questions/938/trans-siberian-express-stopping-along-the-way
30178	travel	23	6	1	4264	Where can I eat dishes that feature in western countries&#39; Chinese restaurants?	https://travel.stackexchange.com/questions/30178/where-can-i-eat-dishes-that-feature-in-western-countries-chinese-restaurants
180724	travel	23	3	1	7679	What are some things I shouldn&#39;t do in China that can get me arrested?	https://travel.stackexchange.com/questions/180724/what-are-some-things-i-shouldnt-do-in-china-that-can-get-me-arrested
51486	travel	23	1	1	3772	Best food souvenirs from Beijing to bring to my Japanese friends?	https://travel.stackexchange.com/questions/51486/best-food-souvenirs-from-beijing-to-bring-to-my-japanese-friends
22690	travel	23	1	1	4104	Would China to Taiwan and back again count as another entry into China?	https://travel.stackexchange.com/questions/22690/would-china-to-taiwan-and-back-again-count-as-another-entry-into-china
174327	travel	22	5	1	5012	What is and is not appropriate for eating fried/grilled chicken and fish at Malay eateries in Malaysia?	https://travel.stackexchange.com/questions/174327/what-is-and-is-not-appropriate-for-eating-fried-grilled-chicken-and-fish-at-mala
93961	travel	22	4	1	6132	In which countries in Asia is Mandarin more understood than English?	https://travel.stackexchange.com/questions/93961/in-which-countries-in-asia-is-mandarin-more-understood-than-english
152340	travel	22	4	1	7748	Travel to the US with a valid ESTA when technically no longer eligible	https://travel.stackexchange.com/questions/152340/travel-to-the-us-with-a-valid-esta-when-technically-no-longer-eligible
4455	expatriates	21	2	1	20742	What happens when Chinese acquire foreign citizenship?	https://expatriates.stackexchange.com/questions/4455/what-happens-when-chinese-acquire-foreign-citizenship
148566	travel	20	4	1	4901	Can I take the high-speed bullet train Beijing–Hong Kong under Chinese 144&#160;h visa-free transit rules?	https://travel.stackexchange.com/questions/148566/can-i-take-the-high-speed-bullet-train-beijing-hong-kong-under-chinese-144-h-vis
40415	travel	20	1	1	7832	Are candles a welcome gift in China?	https://travel.stackexchange.com/questions/40415/are-candles-a-welcome-gift-in-china
122868	travel	20	1	1	2128	Is there border control on Mt. Everest?	https://travel.stackexchange.com/questions/122868/is-there-border-control-on-mt-everest
38384	travel	20	2	1	3203	Is there a &quot;safest&quot; route through Pakistan (from China to Iran)?	https://travel.stackexchange.com/questions/38384/is-there-a-safest-route-through-pakistan-from-china-to-iran
195679	travel	20	3	1	4759	Why do airlines include dependent territories when they ask for Nationality?	https://travel.stackexchange.com/questions/195679/why-do-airlines-include-dependent-territories-when-they-ask-for-nationality
74074	travel	19	5	1	4090	What is the safest route for women to travel overland between Europe and India in 2016?	https://travel.stackexchange.com/questions/74074/what-is-the-safest-route-for-women-to-travel-overland-between-europe-and-india-i
34347	travel	19	7	1	2163	How can one communicate with one&#39;s family/friends when visiting China?	https://travel.stackexchange.com/questions/34347/how-can-one-communicate-with-ones-family-friends-when-visiting-china
162456	travel	19	3	1	10696	What is special about the area 30 km west of Beijing?	https://travel.stackexchange.com/questions/162456/what-is-special-about-the-area-30-km-west-of-beijing
30608	travel	19	5	1	6501	What does this Chinese character 天 mean on my visa?	https://travel.stackexchange.com/questions/30608/what-does-this-chinese-character-%e5%a4%a9-mean-on-my-visa
6405	travel	19	3	1	4620	The Great Wall of China: Where should I start a visit?	https://travel.stackexchange.com/questions/6405/the-great-wall-of-china-where-should-i-start-a-visit
14610	travel	19	4	1	25066	Is it possible for a foreigner to drive through (mainland) China in a foreign-registered car?	https://travel.stackexchange.com/questions/14610/is-it-possible-for-a-foreigner-to-drive-through-mainland-china-in-a-foreign-re
74386	travel	19	1	1	1365	Is it currently possible to cross the Sino-Nepal Friendship Bridge from China to Nepal in own 4x4 car?	https://travel.stackexchange.com/questions/74386/is-it-currently-possible-to-cross-the-sino-nepal-friendship-bridge-from-china-to
73979	travel	19	1	1	1690	How can one get a permit to drive the Chinese section of Karakoram Highway with a foreign truck?	https://travel.stackexchange.com/questions/73979/how-can-one-get-a-permit-to-drive-the-chinese-section-of-karakoram-highway-with
74780	travel	19	1	1	669	What determines the requirement for a guide when a foreigner wants to drive a vehicle he brought from abroad in China?	https://travel.stackexchange.com/questions/74780/what-determines-the-requirement-for-a-guide-when-a-foreigner-wants-to-drive-a-ve
87359	travel	19	1	1	8820	Is it a bad idea to travel to the USA when I have been to China with the same passport?	https://travel.stackexchange.com/questions/87359/is-it-a-bad-idea-to-travel-to-the-usa-when-i-have-been-to-china-with-the-same-pa
174465	travel	18	3	1	2497	How do small local Malay restaurants in non-touristy areas in Malaysia work?	https://travel.stackexchange.com/questions/174465/how-do-small-local-malay-restaurants-in-non-touristy-areas-in-malaysia-work
84349	travel	18	3	1	5587	Should we disclose a romantic relationship at a UK landing interview for non-EU citizens?	https://travel.stackexchange.com/questions/84349/should-we-disclose-a-romantic-relationship-at-a-uk-landing-interview-for-non-eu
163934	travel	18	1	1	11300	Why is air travel to China currently (May 2021) 4x the usual price?	https://travel.stackexchange.com/questions/163934/why-is-air-travel-to-china-currently-may-2021-4x-the-usual-price
217	travel	18	3	1	1117	What part of Great Wall of China is easier to visit, starting from Peking?	https://travel.stackexchange.com/questions/217/what-part-of-great-wall-of-china-is-easier-to-visit-starting-from-peking
14129	travel	18	2	1	2423	Chinese etiquette: Most common mistakes	https://travel.stackexchange.com/questions/14129/chinese-etiquette-most-common-mistakes
36094	travel	18	8	1	19673	Knife carrying laws in China?	https://travel.stackexchange.com/questions/36094/knife-carrying-laws-in-china
766	travel	18	1	1	2693	What time of year is best for taking the Trans-Siberian Express?	https://travel.stackexchange.com/questions/766/what-time-of-year-is-best-for-taking-the-trans-siberian-express
117116	travel	18	4	1	22047	What is my &quot;local ID / citizenship number&quot; as a US citizen?	https://travel.stackexchange.com/questions/117116/what-is-my-local-id-citizenship-number-as-a-us-citizen
66	travel	18	3	1	644	Is it possible to get a permit to travel to Tibet (Lhasa) from Beijing by train, without a tour guide?	https://travel.stackexchange.com/questions/66/is-it-possible-to-get-a-permit-to-travel-to-tibet-lhasa-from-beijing-by-train
722	travel	18	7	1	4130	Which credit cards have global coverage?	https://travel.stackexchange.com/questions/722/which-credit-cards-have-global-coverage
203801	travel	17	4	1	4741	Should I bring Speedos or Swimming Shorts to China?	https://travel.stackexchange.com/questions/203801/should-i-bring-speedos-or-swimming-shorts-to-china
27217	travel	17	3	1	5505	Should you use English or (possibly broken) Japanese in Japan?	https://travel.stackexchange.com/questions/27217/should-you-use-english-or-possibly-broken-japanese-in-japan
78703	travel	17	3	1	14246	In Taiwan, do ATMs in convenience stores (7-Eleven, FamilyMart) charge higher fees than ATMs at banks?	https://travel.stackexchange.com/questions/78703/in-taiwan-do-atms-in-convenience-stores-7-eleven-familymart-charge-higher-fe
21552	travel	17	2	1	8807	Is there a usable online map site for China?	https://travel.stackexchange.com/questions/21552/is-there-a-usable-online-map-site-for-china
161989	travel	17	4	1	7866	Is the bullet train in China typically cheaper than taking a domestic flight?	https://travel.stackexchange.com/questions/161989/is-the-bullet-train-in-china-typically-cheaper-than-taking-a-domestic-flight
150309	travel	17	2	1	644	Why do some countries grant visa-free/visa-waiver entry, but only at one or several major airports and not land borders?	https://travel.stackexchange.com/questions/150309/why-do-some-countries-grant-visa-free-visa-waiver-entry-but-only-at-one-or-seve
157321	travel	16	1	0	553	How to generate a Shanghai QR Code for a foreign 3y old kid?	https://travel.stackexchange.com/questions/157321/how-to-generate-a-shanghai-qr-code-for-a-foreign-3y-old-kid
69212	travel	16	1	1	865	How to improve the chances of getting a free ticket from a &quot;Blue Girl&quot; at the Bayreuth Festival?	https://travel.stackexchange.com/questions/69212/how-to-improve-the-chances-of-getting-a-free-ticket-from-a-blue-girl-at-the-ba
22827	travel	16	2	1	18006	Is &quot;gutter oil&quot; a problem in any other country besides China?	https://travel.stackexchange.com/questions/22827/is-gutter-oil-a-problem-in-any-other-country-besides-china
35835	travel	16	2	1	1054	Transit through Beijing - Languages?	https://travel.stackexchange.com/questions/35835/transit-through-beijing-languages
69234	travel	16	5	1	8223	Why do Chinese people need a visa to travel abroad?	https://travel.stackexchange.com/questions/69234/why-do-chinese-people-need-a-visa-to-travel-abroad
1634	travel	16	5	1	3239	How can I get a great view of Shanghai?	https://travel.stackexchange.com/questions/1634/how-can-i-get-a-great-view-of-shanghai
121896	travel	16	1	1	5047	How do you drive from Asia to Europe?	https://travel.stackexchange.com/questions/121896/how-do-you-drive-from-asia-to-europe
144734	travel	16	2	1	2588	Board Chinese train at a different station (on-route)	https://travel.stackexchange.com/questions/144734/board-chinese-train-at-a-different-station-on-route
106628	travel	16	2	1	5776	Can I remove an &quot;attention&quot; sticky note in my passport?	https://travel.stackexchange.com/questions/106628/can-i-remove-an-attention-sticky-note-in-my-passport
153901	travel	16	1	1	1810	Travelling by plane with a stop in China - will I be quarantined?	https://travel.stackexchange.com/questions/153901/travelling-by-plane-with-a-stop-in-china-will-i-be-quarantined
3763	travel	16	2	1	4623	What to expect at Chinese customs when bringing in items for friends who live there?	https://travel.stackexchange.com/questions/3763/what-to-expect-at-chinese-customs-when-bringing-in-items-for-friends-who-live-th
64263	travel	16	1	1	1363	How dangerous is the Jiankou section of The Great Wall of China?	https://travel.stackexchange.com/questions/64263/how-dangerous-is-the-jiankou-section-of-the-great-wall-of-china
48052	travel	16	3	1	931	Do any Chinese embassies or consulates grant multiple-entry visas to people from a third country?	https://travel.stackexchange.com/questions/48052/do-any-chinese-embassies-or-consulates-grant-multiple-entry-visas-to-people-from
168916	travel	16	1	1	7636	Why was I denied boarding on a flight with a transfer through Hong Kong?	https://travel.stackexchange.com/questions/168916/why-was-i-denied-boarding-on-a-flight-with-a-transfer-through-hong-kong
39452	travel	15	3	1	1839	Delhi, Beijing or Japan for sightseeing in May with a teenage daughter?	https://travel.stackexchange.com/questions/39452/delhi-beijing-or-japan-for-sightseeing-in-may-with-a-teenage-daughter
118236	travel	15	9	1	37185	Where can I take Chinese visa photos in the USA?	https://travel.stackexchange.com/questions/118236/where-can-i-take-chinese-visa-photos-in-the-usa
74588	travel	15	2	1	2910	Is wearing shorts in Transsiberian trains okay	https://travel.stackexchange.com/questions/74588/is-wearing-shorts-in-transsiberian-trains-okay
74080	travel	15	3	1	1665	What are the conditions of applying for a 10-year Chinese visa?	https://travel.stackexchange.com/questions/74080/what-are-the-conditions-of-applying-for-a-10-year-chinese-visa
42530	travel	15	3	1	1571	Am I too heavy for Chinese hard sleeper trains?	https://travel.stackexchange.com/questions/42530/am-i-too-heavy-for-chinese-hard-sleeper-trains
22617	travel	15	2	1	1363	Do people travel to the Senkaku (Diaoyu) Islands?	https://travel.stackexchange.com/questions/22617/do-people-travel-to-the-senkaku-diaoyu-islands
709	travel	15	4	1	6692	Do I have to visit the Chinese consulate in person to get my visa?	https://travel.stackexchange.com/questions/709/do-i-have-to-visit-the-chinese-consulate-in-person-to-get-my-visa
66740	travel	15	1	1	4141	I have booked a flight from the USA to China and am a dual national. How do I avoid China getting to know this?	https://travel.stackexchange.com/questions/66740/i-have-booked-a-flight-from-the-usa-to-china-and-am-a-dual-national-how-do-i-av
11507	travel	15	3	1	3252	Is it possible for an American to get a Chinese visa in Hong Kong?	https://travel.stackexchange.com/questions/11507/is-it-possible-for-an-american-to-get-a-chinese-visa-in-hong-kong
60929	travel	15	2	1	1147	Is there really a line that separates Mongolia from China?	https://travel.stackexchange.com/questions/60929/is-there-really-a-line-that-separates-mongolia-from-china
1667	travel	15	1	1	703	Vaccinations for Beijing	https://travel.stackexchange.com/questions/1667/vaccinations-for-beijing
51421	travel	15	1	1	347	Where in Chengdu can we see Sanxingdui artifacts, besides the museum in Guanghan?	https://travel.stackexchange.com/questions/51421/where-in-chengdu-can-we-see-sanxingdui-artifacts-besides-the-museum-in-guanghan
74749	travel	15	1	1	815	Formalities at departure airport for Chinese 72 hour transit without visa	https://travel.stackexchange.com/questions/74749/formalities-at-departure-airport-for-chinese-72-hour-transit-without-visa
33965	travel	15	2	1	1555	Are there any tours into North Korea that depart from Japan or South Korea?	https://travel.stackexchange.com/questions/33965/are-there-any-tours-into-north-korea-that-depart-from-japan-or-south-korea
18540	travel	15	1	1	1100	Is there a risk with flights stopping off in Russia?	https://travel.stackexchange.com/questions/18540/is-there-a-risk-with-flights-stopping-off-in-russia
44035	travel	14	2	1	1719	Can food from Indian restaurants in America be found in India?	https://travel.stackexchange.com/questions/44035/can-food-from-indian-restaurants-in-america-be-found-in-india
22826	travel	14	2	1	1920	Where can I read about the food safety ratings in restaurants in China?	https://travel.stackexchange.com/questions/22826/where-can-i-read-about-the-food-safety-ratings-in-restaurants-in-china
78820	travel	14	5	1	10128	How to do a web search in English in China without a VPN	https://travel.stackexchange.com/questions/78820/how-to-do-a-web-search-in-english-in-china-without-a-vpn
69277	travel	14	2	1	3001	How to deal with too short transfer interval?	https://travel.stackexchange.com/questions/69277/how-to-deal-with-too-short-transfer-interval
6435	travel	14	4	1	2502	Sim Card with data plan in China?	https://travel.stackexchange.com/questions/6435/sim-card-with-data-plan-in-china
1455	travel	14	4	1	9158	Should I bring sufficient anti-mosquito lotion to China?	https://travel.stackexchange.com/questions/1455/should-i-bring-sufficient-anti-mosquito-lotion-to-china
24377	travel	14	3	1	39567	Do Chinese citizens require a visa to go to Hong Kong for less than 7 days?	https://travel.stackexchange.com/questions/24377/do-chinese-citizens-require-a-visa-to-go-to-hong-kong-for-less-than-7-days
1162	travel	14	2	1	1374	Is there a transit visa requirement for Chinese airports?	https://travel.stackexchange.com/questions/1162/is-there-a-transit-visa-requirement-for-chinese-airports
67083	travel	14	2	1	1211	Do the Beijing-Tianjin high speed trains often get fully booked?	https://travel.stackexchange.com/questions/67083/do-the-beijing-tianjin-high-speed-trains-often-get-fully-booked
77030	travel	14	1	1	2310	Is speaking Portuguese useful in Macau today?	https://travel.stackexchange.com/questions/77030/is-speaking-portuguese-useful-in-macau-today
60190	travel	14	1	1	758	How to know what you can&#39;t openly talk about in China / Hong Kong?	https://travel.stackexchange.com/questions/60190/how-to-know-what-you-cant-openly-talk-about-in-china-hong-kong
78126	travel	14	1	1	361	Which linguistically Tibetan areas of China are outside the official Tibet borders with the very strict permits/rules?	https://travel.stackexchange.com/questions/78126/which-linguistically-tibetan-areas-of-china-are-outside-the-official-tibet-borde
7102	travel	14	2	1	2835	Do I need a visa if I travel from Paris to Amsterdam if I entered as Crew Member?	https://travel.stackexchange.com/questions/7102/do-i-need-a-visa-if-i-travel-from-paris-to-amsterdam-if-i-entered-as-crew-member
369	expatriates	13	4	1	1589	How to know what you can openly discuss in China?	https://expatriates.stackexchange.com/questions/369/how-to-know-what-you-can-openly-discuss-in-china
82883	travel	13	2	1	21969	Credit card acceptance in Taiwan/Taipei?	https://travel.stackexchange.com/questions/82883/credit-card-acceptance-in-taiwan-taipei
194597	travel	13	2	1	4326	How to add a Chinese metro card to Apple Wallet as a foreigner?	https://travel.stackexchange.com/questions/194597/how-to-add-a-chinese-metro-card-to-apple-wallet-as-a-foreigner
89244	travel	13	1	1	30431	Can a traveller use Alipay/Tenpay mobile payments in China?	https://travel.stackexchange.com/questions/89244/can-a-traveller-use-alipay-tenpay-mobile-payments-in-china
21874	travel	13	2	1	7913	Etiquette of &quot;spitting out&quot; bones etc in China	https://travel.stackexchange.com/questions/21874/etiquette-of-spitting-out-bones-etc-in-china
149072	travel	13	0	0	1688	Which countries do not have the concept of certain ‘breakfast food’?	https://travel.stackexchange.com/questions/149072/which-countries-do-not-have-the-concept-of-certain-breakfast-food
83346	travel	13	2	1	7106	Is there a Chinese equivalent for Foursquare/Yelp?	https://travel.stackexchange.com/questions/83346/is-there-a-chinese-equivalent-for-foursquare-yelp
9326	travel	13	5	1	22897	Can Westerners use the free Wi-Fi at Guangzhou international airport?	https://travel.stackexchange.com/questions/9326/can-westerners-use-the-free-wi-fi-at-guangzhou-international-airport
185274	travel	13	4	1	5058	Travelling from China to Europe by train	https://travel.stackexchange.com/questions/185274/travelling-from-china-to-europe-by-train
102831	travel	13	3	1	8198	Can I be denied a tourist visa to China?	https://travel.stackexchange.com/questions/102831/can-i-be-denied-a-tourist-visa-to-china
17239	travel	13	7	1	24287	Do you need to submit an itinerary to get a Chinese visa? And do you have to stick to it?	https://travel.stackexchange.com/questions/17239/do-you-need-to-submit-an-itinerary-to-get-a-chinese-visa-and-do-you-have-to-sti
8597	travel	13	2	1	12122	Visiting both Taiwan and China having one passport	https://travel.stackexchange.com/questions/8597/visiting-both-taiwan-and-china-having-one-passport
8699	travel	13	1	1	1450	Where is this mountain with very striking bright colors?	https://travel.stackexchange.com/questions/8699/where-is-this-mountain-with-very-striking-bright-colors
39198	travel	13	1	1	2509	Will it be a problem for a Russian citizen to apply for a US non-immigrant visa in Beijing while illegally employed in China?	https://travel.stackexchange.com/questions/39198/will-it-be-a-problem-for-a-russian-citizen-to-apply-for-a-us-non-immigrant-visa
53961	travel	13	1	1	16635	Can a foreigner get a visa for China in Taiwan?	https://travel.stackexchange.com/questions/53961/can-a-foreigner-get-a-visa-for-china-in-taiwan
398	travel	13	1	1	2695	China visa issue after traveling to Taiwan	https://travel.stackexchange.com/questions/398/china-visa-issue-after-traveling-to-taiwan
158413	travel	13	1	1	815	Can a Chinese citizen living in Europe go to Taiwan?	https://travel.stackexchange.com/questions/158413/can-a-chinese-citizen-living-in-europe-go-to-taiwan
52778	travel	13	1	1	576	Is it easier for a westerner to obtain a Chinese tourist visa in Kazakhstan or Kyrgyzstan?	https://travel.stackexchange.com/questions/52778/is-it-easier-for-a-westerner-to-obtain-a-chinese-tourist-visa-in-kazakhstan-or-k
137289	travel	13	1	1	810	Can I legally use a GNSS device in China?	https://travel.stackexchange.com/questions/137289/can-i-legally-use-a-gnss-device-in-china
71354	travel	13	1	1	4942	Who pays for transit between airports when connecting from PVG to SHA with China Eastern?	https://travel.stackexchange.com/questions/71354/who-pays-for-transit-between-airports-when-connecting-from-pvg-to-sha-with-china
192903	travel	13	1	1	3691	How can I document that I am allowed to travel to the UK from Scandinavia using eVisa/BRP? (Denied at the check-in counter)	https://travel.stackexchange.com/questions/192903/how-can-i-document-that-i-am-allowed-to-travel-to-the-uk-from-scandinavia-using
49656	travel	13	4	1	3887	Am I eligible to travel to the US with my UN 1951 Travel Document issued by Malta (EU)?	https://travel.stackexchange.com/questions/49656/am-i-eligible-to-travel-to-the-us-with-my-un-1951-travel-document-issued-by-malt
35538	travel	13	2	1	12026	Can my spouse receive an emergency UK visa to visit a funeral?	https://travel.stackexchange.com/questions/35538/can-my-spouse-receive-an-emergency-uk-visa-to-visit-a-funeral
24884	travel	13	3	1	4229	6 hour stopover in Shanghai	https://travel.stackexchange.com/questions/24884/6-hour-stopover-in-shanghai
9726	travel	12	2	1	748	Is it recommended to travel to Tibet (Lhasa) for just under 20 days and with a low budget?	https://travel.stackexchange.com/questions/9726/is-it-recommended-to-travel-to-tibet-lhasa-for-just-under-20-days-and-with-a-l
134992	travel	12	2	1	1401	Do I need a barcode Invitation letter for China for an L Tourist Visa?	https://travel.stackexchange.com/questions/134992/do-i-need-a-barcode-invitation-letter-for-china-for-an-l-tourist-visa
22318	travel	12	2	1	756	Is it normal to haggle for the price of cheap hotel rooms in China?	https://travel.stackexchange.com/questions/22318/is-it-normal-to-haggle-for-the-price-of-cheap-hotel-rooms-in-china
6245	travel	12	2	1	16521	Avoiding human trafficking when getting a massage in Japan	https://travel.stackexchange.com/questions/6245/avoiding-human-trafficking-when-getting-a-massage-in-japan
35749	travel	12	2	1	1667	What popular western web services don&#39;t work in mainland China?	https://travel.stackexchange.com/questions/35749/what-popular-western-web-services-dont-work-in-mainland-china
1520	travel	12	7	1	17693	What&#39;s the cheapest way to call China from the US with an AT&amp;T cell phone?	https://travel.stackexchange.com/questions/1520/whats-the-cheapest-way-to-call-china-from-the-us-with-an-att-cell-phone
36744	travel	12	2	1	3239	What is the closest city I can go from a bullet train departing from Beijing?	https://travel.stackexchange.com/questions/36744/what-is-the-closest-city-i-can-go-from-a-bullet-train-departing-from-beijing
30878	travel	12	3	1	1910	Are foreigners targeted in the Xinjiang / Uyghur related violence in Western China?	https://travel.stackexchange.com/questions/30878/are-foreigners-targeted-in-the-xinjiang-uyghur-related-violence-in-western-chi
194669	travel	12	1	1	1366	Can pre-T-union Shenzhen Tong and Octopus cards be used in place of each other or in the T-union network?	https://travel.stackexchange.com/questions/194669/can-pre-t-union-shenzhen-tong-and-octopus-cards-be-used-in-place-of-each-other-o
92677	travel	12	1	1	3922	UK Visitor Visa refused	https://travel.stackexchange.com/questions/92677/uk-visitor-visa-refused
85579	travel	12	1	1	1486	Can I do a visa run by going through immigration at the airport and then immediately going back?	https://travel.stackexchange.com/questions/85579/can-i-do-a-visa-run-by-going-through-immigration-at-the-airport-and-then-immedia
125735	travel	12	2	1	431	Can one enter Shenzhen from Hong Kong with a Special Economic Zone visa despite having a non-fully utilized, still valid Chinese L (tourist) visa?	https://travel.stackexchange.com/questions/125735/can-one-enter-shenzhen-from-hong-kong-with-a-special-economic-zone-visa-despite
88502	travel	12	2	1	2646	How can my friend who lost her French residence permit card before exiting the Schengen Area return to France?	https://travel.stackexchange.com/questions/88502/how-can-my-friend-who-lost-her-french-residence-permit-card-before-exiting-the-s
77029	travel	12	1	1	1975	Can a spouse of a Chinese citizen somehow visit China visa-free?	https://travel.stackexchange.com/questions/77029/can-a-spouse-of-a-chinese-citizen-somehow-visit-china-visa-free
72925	travel	12	3	1	6293	Travelling using two passports of the same country	https://travel.stackexchange.com/questions/72925/travelling-using-two-passports-of-the-same-country
9266	travel	12	5	1	21575	Will I be able to enter South Korea as a tourist with a one-way ticket and no ticket home yet?	https://travel.stackexchange.com/questions/9266/will-i-be-able-to-enter-south-korea-as-a-tourist-with-a-one-way-ticket-and-no-ti
61633	travel	12	1	1	434	Availability and attitudes towards sky burial tourism	https://travel.stackexchange.com/questions/61633/availability-and-attitudes-towards-sky-burial-tourism
200416	travel	11	2	1	5240	Phone checks at the port of entry	https://travel.stackexchange.com/questions/200416/phone-checks-at-the-port-of-entry
104263	travel	11	2	1	18841	Can deportation stamp in passport cause problems in the future?	https://travel.stackexchange.com/questions/104263/can-deportation-stamp-in-passport-cause-problems-in-the-future
50362	travel	11	2	1	1729	Should I book my train connections in advance in China?	https://travel.stackexchange.com/questions/50362/should-i-book-my-train-connections-in-advance-in-china
23196	travel	11	2	1	8463	Almost 24 hour over night layover in Helsinki	https://travel.stackexchange.com/questions/23196/almost-24-hour-over-night-layover-in-helsinki
79176	travel	11	1	1	529	Is there somewhere a glossary or introduction to the different kinds of accommodation in Taiwan including the Chinese characters?	https://travel.stackexchange.com/questions/79176/is-there-somewhere-a-glossary-or-introduction-to-the-different-kinds-of-accommod
1518	travel	11	1	1	1334	Are there prepaid mobile data plans in China?	https://travel.stackexchange.com/questions/1518/are-there-prepaid-mobile-data-plans-in-china
16055	travel	11	3	1	1652	Where can I find the official Shenzen Special Economic Zone Tourism Visa details?	https://travel.stackexchange.com/questions/16055/where-can-i-find-the-official-shenzen-special-economic-zone-tourism-visa-details
16100	travel	11	2	1	5558	The using of VPN on iPhone in China	https://travel.stackexchange.com/questions/16100/the-using-of-vpn-on-iphone-in-china
200250	travel	11	3	1	2966	Where can a French citizen with Russian visa legally cross by bike/foot/car from China into Russia at a border point as close as possible to Dongning?	https://travel.stackexchange.com/questions/200250/where-can-a-french-citizen-with-russian-visa-legally-cross-by-bike-foot-car-from
148244	travel	11	2	1	3766	When applying for a visa has there ever been a case of embassy asking for proof of right to be in the present country?	https://travel.stackexchange.com/questions/148244/when-applying-for-a-visa-has-there-ever-been-a-case-of-embassy-asking-for-proof
73287	travel	11	1	1	854	Is it cheaper for an Australian to obtain a Russian visa in Cambodia than in Australia?	https://travel.stackexchange.com/questions/73287/is-it-cheaper-for-an-australian-to-obtain-a-russian-visa-in-cambodia-than-in-aus
45839	travel	11	4	1	5227	Is an open-ended ticket more practical than a one-way ticket for touring China?	https://travel.stackexchange.com/questions/45839/is-an-open-ended-ticket-more-practical-than-a-one-way-ticket-for-touring-china
34421	travel	11	2	1	8837	Can I get a Taiwan visa from China?	https://travel.stackexchange.com/questions/34421/can-i-get-a-taiwan-visa-from-china
4365	travel	11	3	1	1548	What are the visa requirements for a Chinese citizen to visit Azerbaijan?	https://travel.stackexchange.com/questions/4365/what-are-the-visa-requirements-for-a-chinese-citizen-to-visit-azerbaijan
1622	travel	11	2	1	3919	Best way for U.S. citizen to obtain China visa while in Europe?	https://travel.stackexchange.com/questions/1622/best-way-for-u-s-citizen-to-obtain-china-visa-while-in-europe
1043	travel	11	6	1	4148	Is it possible to apply for a Chinese visa while travelling outside your home country?	https://travel.stackexchange.com/questions/1043/is-it-possible-to-apply-for-a-chinese-visa-while-travelling-outside-your-home-co
125356	travel	11	4	1	4167	Booking a rent-a-car through VPN (different location)	https://travel.stackexchange.com/questions/125356/booking-a-rent-a-car-through-vpn-different-location
109	expatriates	10	2	1	191	Does mainland China require businesses to provide maternity leave?	https://expatriates.stackexchange.com/questions/109/does-mainland-china-require-businesses-to-provide-maternity-leave
6318	travel	10	3	1	3929	Where can I eat a cobra (or any snake) in Hong Kong?	https://travel.stackexchange.com/questions/6318/where-can-i-eat-a-cobra-or-any-snake-in-hong-kong
45767	travel	10	1	1	967	Which airlines with routes connecting Vietnam and China have free cancellations and can be booked online?	https://travel.stackexchange.com/questions/45767/which-airlines-with-routes-connecting-vietnam-and-china-have-free-cancellations
105928	travel	10	1	1	457	Safely disposing of agricultural contraband	https://travel.stackexchange.com/questions/105928/safely-disposing-of-agricultural-contraband
39717	travel	10	1	1	316	When is the peak travel time during Chinese New Year?	https://travel.stackexchange.com/questions/39717/when-is-the-peak-travel-time-during-chinese-new-year
69617	travel	10	1	1	613	Are Australian citizens now or in the very near future about to get ten year visas for China?	https://travel.stackexchange.com/questions/69617/are-australian-citizens-now-or-in-the-very-near-future-about-to-get-ten-year-vis
85670	travel	10	2	1	3310	Does a Nepali need a transit visa for a technical stop in Hong Kong?	https://travel.stackexchange.com/questions/85670/does-a-nepali-need-a-transit-visa-for-a-technical-stop-in-hong-kong
81588	travel	10	4	1	1322	Is the fast ferry between Pingtan, China and Taipei, Taiwan still going?	https://travel.stackexchange.com/questions/81588/is-the-fast-ferry-between-pingtan-china-and-taipei-taiwan-still-going
76158	travel	10	2	1	2988	Is China Southern&#39;s website optimised for a particular browser?	https://travel.stackexchange.com/questions/76158/is-china-southerns-website-optimised-for-a-particular-browser
38828	travel	10	3	1	755	City in Peninsular Malaysia to immerse in Malay language?	https://travel.stackexchange.com/questions/38828/city-in-peninsular-malaysia-to-immerse-in-malay-language
125697	travel	10	2	1	757	Any commercial planes with non-Western toilets	https://travel.stackexchange.com/questions/125697/any-commercial-planes-with-non-western-toilets
104157	travel	10	3	1	2898	Will a 28-inch suitcase exceed the size limitation in Poland&#39;s trains?	https://travel.stackexchange.com/questions/104157/will-a-28-inch-suitcase-exceed-the-size-limitation-in-polands-trains
89348	travel	10	2	1	1683	Outgoing ticket when leaving China by land	https://travel.stackexchange.com/questions/89348/outgoing-ticket-when-leaving-china-by-land
87443	travel	10	1	1	4841	Train tickets for tourists in Norway from Oslo to Bergen	https://travel.stackexchange.com/questions/87443/train-tickets-for-tourists-in-norway-from-oslo-to-bergen
18211	travel	10	2	1	1057	Can I buy train tickets for a Shanghai - Beijing trip in Hong Kong?	https://travel.stackexchange.com/questions/18211/can-i-buy-train-tickets-for-a-shanghai-beijing-trip-in-hong-kong
185869	travel	10	1	1	2009	Plans to travel to China, but recognized as a USA-China dual citizen? Any issues?	https://travel.stackexchange.com/questions/185869/plans-to-travel-to-china-but-recognized-as-a-usa-china-dual-citizen-any-issues
184321	travel	10	5	1	3577	Countries with broad visa-free entry	https://travel.stackexchange.com/questions/184321/countries-with-broad-visa-free-entry
171427	travel	10	1	1	965	Vaccination card in WA, U.S. for a person fully vaccinated abroad	https://travel.stackexchange.com/questions/171427/vaccination-card-in-wa-u-s-for-a-person-fully-vaccinated-abroad
155009	travel	10	2	1	1573	UK Standard Visitor Visa implications during travel restrictions as a result of COVID-19 outbreak?	https://travel.stackexchange.com/questions/155009/uk-standard-visitor-visa-implications-during-travel-restrictions-as-a-result-of
135659	travel	10	2	1	1282	Can I still travel to HK with a 5 year travel ban from China?	https://travel.stackexchange.com/questions/135659/can-i-still-travel-to-hk-with-a-5-year-travel-ban-from-china
107950	travel	10	0	0	308	Which two passports would allow you to visit the most countries visa-free?	https://travel.stackexchange.com/questions/107950/which-two-passports-would-allow-you-to-visit-the-most-countries-visa-free
106266	travel	10	2	1	1640	What are the rules for China&#39;s visa-free transit programs?	https://travel.stackexchange.com/questions/106266/what-are-the-rules-for-chinas-visa-free-transit-programs
103077	travel	10	1	1	1410	The 72 hour visa-free transit through China on a dual citizenship	https://travel.stackexchange.com/questions/103077/the-72-hour-visa-free-transit-through-china-on-a-dual-citizenship
82525	travel	10	3	1	1373	When traveling on a tourist Chinese visa, can you stay past the &quot;final&quot; date?	https://travel.stackexchange.com/questions/82525/when-traveling-on-a-tourist-chinese-visa-can-you-stay-past-the-final-date
73555	travel	10	2	1	9565	Can I apply for a UnionPay card while traveling in China?	https://travel.stackexchange.com/questions/73555/can-i-apply-for-a-unionpay-card-while-traveling-in-china
61114	travel	10	2	1	6162	“Proof of legal status” for applying for a Chinese visa in United Kingdom	https://travel.stackexchange.com/questions/61114/proof-of-legal-status-for-applying-for-a-chinese-visa-in-united-kingdom
58933	travel	10	2	1	4308	Is it possible to get a Chinese visa if you already possess a valid visa for a different purpose?	https://travel.stackexchange.com/questions/58933/is-it-possible-to-get-a-chinese-visa-if-you-already-possess-a-valid-visa-for-a-d
56332	travel	10	2	1	1252	Chinese 72 hour transit visa rule: exact start time of period	https://travel.stackexchange.com/questions/56332/chinese-72-hour-transit-visa-rule-exact-start-time-of-period
23217	travel	10	4	1	8557	Which ferry from China to South Korea is the cheapest?	https://travel.stackexchange.com/questions/23217/which-ferry-from-china-to-south-korea-is-the-cheapest
21405	travel	10	3	1	1185	Could you actually get in trouble if you don&#39;t stick to the transport and accommodation stated in your visa application?	https://travel.stackexchange.com/questions/21405/could-you-actually-get-in-trouble-if-you-dont-stick-to-the-transport-and-accomm
19241	travel	10	3	1	4115	Can a normal backpacker obtain a multiple-entry Chinese visa while on the road?	https://travel.stackexchange.com/questions/19241/can-a-normal-backpacker-obtain-a-multiple-entry-chinese-visa-while-on-the-road
129260	travel	10	4	1	2663	Can I get cheaper plane tickets by using a VPN?	https://travel.stackexchange.com/questions/129260/can-i-get-cheaper-plane-tickets-by-using-a-vpn
168888	travel	9	1	1	1772	Does Taiwan have thrift stores? How to find them?	https://travel.stackexchange.com/questions/168888/does-taiwan-have-thrift-stores-how-to-find-them
3537	travel	9	1	1	658	Boracay over Chinese New Year	https://travel.stackexchange.com/questions/3537/boracay-over-chinese-new-year
22014	travel	9	2	1	433	How to find places with Wi-Fi and electricity in China?	https://travel.stackexchange.com/questions/22014/how-to-find-places-with-wi-fi-and-electricity-in-china
191788	travel	9	3	1	6218	Can I enter China several times from Hong Kong and benefit multiple 15 day visa-free?	https://travel.stackexchange.com/questions/191788/can-i-enter-china-several-times-from-hong-kong-and-benefit-multiple-15-day-visa
22091	travel	9	2	1	1765	Strange hotel sheets in Mongolia	https://travel.stackexchange.com/questions/22091/strange-hotel-sheets-in-mongolia
80067	travel	9	4	1	1933	What is currently the most reliable VPN for China?	https://travel.stackexchange.com/questions/80067/what-is-currently-the-most-reliable-vpn-for-china
76438	travel	9	1	1	1896	Easiest way to obtain a Taiwan visa for a Nigerian studying in China?	https://travel.stackexchange.com/questions/76438/easiest-way-to-obtain-a-taiwan-visa-for-a-nigerian-studying-in-china
59349	travel	9	3	1	1290	Recommended VPN in China	https://travel.stackexchange.com/questions/59349/recommended-vpn-in-china
43843	travel	9	3	1	2726	Can I still visit a &quot;movie TV&quot; establishment (MTV) in Taiwan?	https://travel.stackexchange.com/questions/43843/can-i-still-visit-a-movie-tv-establishment-mtv-in-taiwan
132171	travel	9	1	1	415	How to prepare to host a Chinese guest on her first trip to Europe	https://travel.stackexchange.com/questions/132171/how-to-prepare-to-host-a-chinese-guest-on-her-first-trip-to-europe
80252	travel	9	3	1	2731	I don&#39;t speak Chinese. Will I encounter any problems going through customs in Beijing?	https://travel.stackexchange.com/questions/80252/i-dont-speak-chinese-will-i-encounter-any-problems-going-through-customs-in-be
22354	travel	9	3	1	1076	Somewhere tourists can lightly study Mongolian calligraphy in Inner or Outer Mongolia?	https://travel.stackexchange.com/questions/22354/somewhere-tourists-can-lightly-study-mongolian-calligraphy-in-inner-or-outer-mon
148885	travel	9	3	1	857	Are some Optus kiosks in Sydney Airport a scam?	https://travel.stackexchange.com/questions/148885/are-some-optus-kiosks-in-sydney-airport-a-scam
141611	travel	9	2	1	1307	Almaty to Urumqi by connecting train (via Altynkol and Khorgas)	https://travel.stackexchange.com/questions/141611/almaty-to-urumqi-by-connecting-train-via-altynkol-and-khorgas
126157	travel	9	1	1	8852	How strict is AirAsia with 7 kg carry-on limit?	https://travel.stackexchange.com/questions/126157/how-strict-is-airasia-with-7-kg-carry-on-limit
71969	travel	9	3	1	1426	How do I find a travel agency that issues Chinese train tickets? Is there a map or listing of such agents?	https://travel.stackexchange.com/questions/71969/how-do-i-find-a-travel-agency-that-issues-chinese-train-tickets-is-there-a-map
22078	travel	9	1	1	875	What is the driving time in a car from Zamyn-Uud to Ulaanbaatar?	https://travel.stackexchange.com/questions/22078/what-is-the-driving-time-in-a-car-from-zamyn-uud-to-ulaanbaatar
1869	travel	9	2	1	449	How do I ensure I do not pay out money for tickets that are not usable for other reasons?	https://travel.stackexchange.com/questions/1869/how-do-i-ensure-i-do-not-pay-out-money-for-tickets-that-are-not-usable-for-other
80679	travel	9	0	0	308	Do I need a visa to visit Hong Kong for less than 7 days if I&#39;m a Chinese citizen flying to and from the US?	https://travel.stackexchange.com/questions/80679/do-i-need-a-visa-to-visit-hong-kong-for-less-than-7-days-if-im-a-chinese-citize
78982	travel	9	2	1	3825	If I have a multiple entry visa for China, do I need to provide an itinerary for the second and subsequent entries?	https://travel.stackexchange.com/questions/78982/if-i-have-a-multiple-entry-visa-for-china-do-i-need-to-provide-an-itinerary-for
78299	travel	9	2	1	481	How can a non-Chinese-speaking traveller use the free Wi-Fi in 7-Elevens in Taiwan?	https://travel.stackexchange.com/questions/78299/how-can-a-non-chinese-speaking-traveller-use-the-free-wi-fi-in-7-elevens-in-taiw
60757	travel	9	1	1	1485	What documents are required to drive a motorcycle from Kazakhstan to China?	https://travel.stackexchange.com/questions/60757/what-documents-are-required-to-drive-a-motorcycle-from-kazakhstan-to-china
35210	travel	9	2	1	1125	What is required for a British citizen to cross the border from China to Russia at Heihe/Blagoveshchensk	https://travel.stackexchange.com/questions/35210/what-is-required-for-a-british-citizen-to-cross-the-border-from-china-to-russia
3030	expatriates	8	2	1	1594	Where to pay taxes if I don&#39;t live 6 months in any country?	https://expatriates.stackexchange.com/questions/3030/where-to-pay-taxes-if-i-dont-live-6-months-in-any-country
7812	expatriates	8	3	1	1432	Can a english(non-chinese) speaker survive living in Beijing?	https://expatriates.stackexchange.com/questions/7812/can-a-englishnon-chinese-speaker-survive-living-in-beijing
192210	travel	8	1	1	1390	Can I buy Gulangyu ferry tickets outside China?	https://travel.stackexchange.com/questions/192210/can-i-buy-gulangyu-ferry-tickets-outside-china
139587	travel	8	1	1	630	What is the rationale for requiring payment &quot;in cash in euros&quot; when applying for a UK visa at the Pyongyang embassy?	https://travel.stackexchange.com/questions/139587/what-is-the-rationale-for-requiring-payment-in-cash-in-euros-when-applying-for
82210	travel	8	3	1	585	Prevalence of ATMs that accept JCB cards	https://travel.stackexchange.com/questions/82210/prevalence-of-atms-that-accept-jcb-cards
24409	travel	8	4	1	1574	Practical aspects of security when travelling in India	https://travel.stackexchange.com/questions/24409/practical-aspects-of-security-when-travelling-in-india
48997	travel	8	3	1	604	Where exactly is the Myanmar consulate in Kunming, China?	https://travel.stackexchange.com/questions/48997/where-exactly-is-the-myanmar-consulate-in-kunming-china
123109	travel	8	2	1	4727	When travelling to China, does the Hijab have to be removed?	https://travel.stackexchange.com/questions/123109/when-travelling-to-china-does-the-hijab-have-to-be-removed
1265	travel	8	1	1	184	Airport transfer in Sanya	https://travel.stackexchange.com/questions/1265/airport-transfer-in-sanya
162278	travel	8	3	1	5556	Is the Wi-Fi in high-speed trains in China reliable and fast enough for audio or video conferences?	https://travel.stackexchange.com/questions/162278/is-the-wi-fi-in-high-speed-trains-in-china-reliable-and-fast-enough-for-audio-or
199937	travel	8	2	1	903	Traveling to the USA (NYC) - smartphone compatibility with local cellular networks	https://travel.stackexchange.com/questions/199937/traveling-to-the-usa-nyc-smartphone-compatibility-with-local-cellular-networ
110122	travel	8	3	1	455	Can a Tibet Travel Permit be issued with Chinese visa in an expired passport?	https://travel.stackexchange.com/questions/110122/can-a-tibet-travel-permit-be-issued-with-chinese-visa-in-an-expired-passport
81782	travel	8	1	1	512	Can I change Taiwanese dollars to Chinese RMB at or near the ferry terminals in Keelung, Matsu Island, or Mawei, Fuzhou?	https://travel.stackexchange.com/questions/81782/can-i-change-taiwanese-dollars-to-chinese-rmb-at-or-near-the-ferry-terminals-in
9589	travel	8	1	1	1607	How can I tell if a visa agent is trustworthy?	https://travel.stackexchange.com/questions/9589/how-can-i-tell-if-a-visa-agent-is-trustworthy
14658	travel	8	2	1	857	Is there a 3G Sim Card that is usable in both Japan and China?	https://travel.stackexchange.com/questions/14658/is-there-a-3g-sim-card-that-is-usable-in-both-japan-and-china
201526	travel	8	3	1	1347	Late-night transfer from SHA to PVG airport (single ticket)	https://travel.stackexchange.com/questions/201526/late-night-transfer-from-sha-to-pvg-airport-single-ticket
193491	travel	8	3	1	4224	Can I skip a leg in an inbound flight, without losing the outbound one?	https://travel.stackexchange.com/questions/193491/can-i-skip-a-leg-in-an-inbound-flight-without-losing-the-outbound-one
191936	travel	8	1	1	1901	How to purchase Sparpreis ticket without disclosing personal information?	https://travel.stackexchange.com/questions/191936/how-to-purchase-sparpreis-ticket-without-disclosing-personal-information
85866	travel	8	0	0	365	Can you easily buy bus tickets in China during Chinese New Year?	https://travel.stackexchange.com/questions/85866/can-you-easily-buy-bus-tickets-in-china-during-chinese-new-year
80312	travel	8	2	1	1129	Do the Chinese CRH trains have power outlets?	https://travel.stackexchange.com/questions/80312/do-the-chinese-crh-trains-have-power-outlets
50177	travel	8	2	1	678	How to reach the Hong Kong Special Administrative Region with maximum hitchhiking and minimum expenditure from Guangzhou?	https://travel.stackexchange.com/questions/50177/how-to-reach-the-hong-kong-special-administrative-region-with-maximum-hitchhikin
39733	travel	8	2	1	397	Is travelling through all central Asian countries (Turkmenistan, Uzbekistan and Kyrgyzstan) possible only with transit visas?	https://travel.stackexchange.com/questions/39733/is-travelling-through-all-central-asian-countries-turkmenistan-uzbekistan-and
2070	travel	8	3	1	352	Looking for tips on how to do the Trans-Siberian on the cheap London to Beijing	https://travel.stackexchange.com/questions/2070/looking-for-tips-on-how-to-do-the-trans-siberian-on-the-cheap-london-to-beijing
85003	travel	8	2	1	1090	Does an Australian citizen need an eTA for Canada for a 15-hour transit layover not leaving the airport?	https://travel.stackexchange.com/questions/85003/does-an-australian-citizen-need-an-eta-for-canada-for-a-15-hour-transit-layover
8020	expatriates	7	1	1	124	Does a visa run in Taiwan really involve applying for a new visa every time, or just relying on visa-exempt passport entry?	https://expatriates.stackexchange.com/questions/8020/does-a-visa-run-in-taiwan-really-involve-applying-for-a-new-visa-every-time-or
10132	expatriates	7	3	1	4816	Should I provide &quot;proof of relationship&quot; when applying for a UK visa / spouse of EEA national?	https://expatriates.stackexchange.com/questions/10132/should-i-provide-proof-of-relationship-when-applying-for-a-uk-visa-spouse-of
5969	expatriates	7	1	1	6645	If my Chinese work permit expires, for how long is my residence permit valid?	https://expatriates.stackexchange.com/questions/5969/if-my-chinese-work-permit-expires-for-how-long-is-my-residence-permit-valid
15540	expatriates	7	3	1	157	What is the status of children of a person who is British by descent?	https://expatriates.stackexchange.com/questions/15540/what-is-the-status-of-children-of-a-person-who-is-british-by-descent
110439	travel	7	3	1	4454	Where can I use Apple Pay in China?	https://travel.stackexchange.com/questions/110439/where-can-i-use-apple-pay-in-china
58704	travel	7	1	1	5007	UK visa refused - unable to prove genuine relationship with sponsor, unexplained deposits	https://travel.stackexchange.com/questions/58704/uk-visa-refused-unable-to-prove-genuine-relationship-with-sponsor-unexplained
50261	travel	7	1	1	461	Chinese visa in Hong Kong without hotel bookings and return flight?	https://travel.stackexchange.com/questions/50261/chinese-visa-in-hong-kong-without-hotel-bookings-and-return-flight
50180	travel	7	0	0	364	What is this present we received from our hotel in China?	https://travel.stackexchange.com/questions/50180/what-is-this-present-we-received-from-our-hotel-in-china
49597	travel	7	1	1	914	How to buy cheap/disposable/nonprescription/generic reading glasses in China?	https://travel.stackexchange.com/questions/49597/how-to-buy-cheap-disposable-nonprescription-generic-reading-glasses-in-china
81913	travel	7	3	1	939	Can I purchase unlimited data SIM card in China?	https://travel.stackexchange.com/questions/81913/can-i-purchase-unlimited-data-sim-card-in-china
8271	travel	7	1	1	1480	3G internet / data package in China	https://travel.stackexchange.com/questions/8271/3g-internet-data-package-in-china
128912	travel	7	1	1	527	How can I withdraw RMBs at Hong Kong airport (HKG)?	https://travel.stackexchange.com/questions/128912/how-can-i-withdraw-rmbs-at-hong-kong-airport-hkg
94023	travel	7	1	1	1595	Is it still possible to get a SIM card in China as a foreigner?	https://travel.stackexchange.com/questions/94023/is-it-still-possible-to-get-a-sim-card-in-china-as-a-foreigner
39442	travel	7	3	1	2323	How to get from Macau to Hong Kong airport for an early morning flight	https://travel.stackexchange.com/questions/39442/how-to-get-from-macau-to-hong-kong-airport-for-an-early-morning-flight
93396	travel	7	1	1	987	How to get from Kazakhstan to Urumqi?	https://travel.stackexchange.com/questions/93396/how-to-get-from-kazakhstan-to-urumqi
87564	travel	7	2	1	7033	Is domestic travel in China possible without a passport during the process of renewing a work permit?	https://travel.stackexchange.com/questions/87564/is-domestic-travel-in-china-possible-without-a-passport-during-the-process-of-re
28079	expatriates	6	0	0	173	Obtaining permanent residency in China skilled foreign professionals	https://expatriates.stackexchange.com/questions/28079/obtaining-permanent-residency-in-china-skilled-foreign-professionals
9666	expatriates	6	3	1	12255	How can I tell whether a Chinese person is putting their family name or given name first?	https://expatriates.stackexchange.com/questions/9666/how-can-i-tell-whether-a-chinese-person-is-putting-their-family-name-or-given-na
12455	expatriates	6	1	1	371	EU citizen going to work in the UK. Can my Chinese girlfriend come with me and possibly work in the UK?	https://expatriates.stackexchange.com/questions/12455/eu-citizen-going-to-work-in-the-uk-can-my-chinese-girlfriend-come-with-me-and-p
11426	expatriates	6	1	1	392	Is there a type of French visa to bridge the gap between two visas?	https://expatriates.stackexchange.com/questions/11426/is-there-a-type-of-french-visa-to-bridge-the-gap-between-two-visas
6592	expatriates	6	1	1	410	Is it possible to convert Chinese business visa to work visa in China?	https://expatriates.stackexchange.com/questions/6592/is-it-possible-to-convert-chinese-business-visa-to-work-visa-in-china
2599	expatriates	6	2	1	564	Is it possible to get a Chinese driver&#39;s license, when on a Chinese Q2 visa?	https://expatriates.stackexchange.com/questions/2599/is-it-possible-to-get-a-chinese-drivers-license-when-on-a-chinese-q2-visa
5557	expatriates	6	2	1	797	US employee on a multi year long business trip to China, but paid in the US. Do I get to claim Foreign Earned Income Exception?	https://expatriates.stackexchange.com/questions/5557/us-employee-on-a-multi-year-long-business-trip-to-china-but-paid-in-the-us-do
2512	expatriates	6	2	1	406	Can I apply for a Z-Type &quot;Work&quot; Chinese Visa while already living abroad?	https://expatriates.stackexchange.com/questions/2512/can-i-apply-for-a-z-type-work-chinese-visa-while-already-living-abroad
2489	expatriates	6	6	1	1711	Is he still a US national after giving up his US citizenship?	https://expatriates.stackexchange.com/questions/2489/is-he-still-a-us-national-after-giving-up-his-us-citizenship
2470	expatriates	6	1	1	780	Can I travel using one-way ticket when going to China on a Z-visa?	https://expatriates.stackexchange.com/questions/2470/can-i-travel-using-one-way-ticket-when-going-to-china-on-a-z-visa
14051	expatriates	6	1	1	442	I was born in Canada to Chinese parents who have not settled abroad. I&#39;m now 22 years old. Can I apply for a Chinese passport?	https://expatriates.stackexchange.com/questions/14051/i-was-born-in-canada-to-chinese-parents-who-have-not-settled-abroad-im-now-22
10689	expatriates	6	1	1	166	Chinese passport	https://expatriates.stackexchange.com/questions/10689/chinese-passport
7610	expatriates	6	3	1	1176	Getting back a renounced citizenship	https://expatriates.stackexchange.com/questions/7610/getting-back-a-renounced-citizenship
438	expatriates	6	4	1	322	Buying &quot;cold climate&quot; vegetables in Manila?	https://expatriates.stackexchange.com/questions/438/buying-cold-climate-vegetables-in-manila
194556	travel	6	2	1	13378	How to un-restrict Alipay account as a foreigner?	https://travel.stackexchange.com/questions/194556/how-to-un-restrict-alipay-account-as-a-foreigner
138567	travel	6	1	1	774	Have anyone used Alipay to pay for their Airbnb?	https://travel.stackexchange.com/questions/138567/have-anyone-used-alipay-to-pay-for-their-airbnb
193048	travel	6	1	1	322	What is the common way to transfer money from France (EUR) to China (CNY) short and longer term?	https://travel.stackexchange.com/questions/193048/what-is-the-common-way-to-transfer-money-from-france-eur-to-china-cny-short
125923	travel	6	0	0	927	How to unlock WeChat money as a foreigner in China?	https://travel.stackexchange.com/questions/125923/how-to-unlock-wechat-money-as-a-foreigner-in-china
150471	travel	6	1	1	283	Did this customs agent attempt to plant contraband on me?	https://travel.stackexchange.com/questions/150471/did-this-customs-agent-attempt-to-plant-contraband-on-me
49874	travel	6	1	1	377	ATMs in China - are they widespread?	https://travel.stackexchange.com/questions/49874/atms-in-china-are-they-widespread
107272	travel	6	2	1	2979	Overnight stay options at Beijing Capital Airport Terminal 3	https://travel.stackexchange.com/questions/107272/overnight-stay-options-at-beijing-capital-airport-terminal-3
86136	travel	6	1	1	186	How to book transportation in Bali?	https://travel.stackexchange.com/questions/86136/how-to-book-transportation-in-bali
73187	travel	6	1	1	1021	Are unofficial sites outranking official websites in English a common problem in China?	https://travel.stackexchange.com/questions/73187/are-unofficial-sites-outranking-official-websites-in-english-a-common-problem-in
68117	travel	6	2	1	1216	Should an American traveling to China book flights and accommodation before getting a visa?	https://travel.stackexchange.com/questions/68117/should-an-american-traveling-to-china-book-flights-and-accommodation-before-gett
58435	travel	6	1	1	897	What kind of Chinese visa do I need to visit Chinese friend in China?	https://travel.stackexchange.com/questions/58435/what-kind-of-chinese-visa-do-i-need-to-visit-chinese-friend-in-china
46594	travel	6	2	1	249	Images of Chinese logograms (characters) for traveler	https://travel.stackexchange.com/questions/46594/images-of-chinese-logograms-characters-for-traveler
128552	travel	6	3	1	381	Getting around Google reliance while in China	https://travel.stackexchange.com/questions/128552/getting-around-google-reliance-while-in-china
81634	travel	6	2	1	297	Where do I do immigration exit procedures when taking the CSF ferry from Taipei, Taiwan to Pingtan, China?	https://travel.stackexchange.com/questions/81634/where-do-i-do-immigration-exit-procedures-when-taking-the-csf-ferry-from-taipei
68194	travel	6	6	1	8498	Most useful languages other than English in Asia and Oceania	https://travel.stackexchange.com/questions/68194/most-useful-languages-other-than-english-in-asia-and-oceania
19399	travel	6	3	1	506	Books in Malaysian language in Kuala Lumpur	https://travel.stackexchange.com/questions/19399/books-in-malaysian-language-in-kuala-lumpur
169730	travel	6	1	1	343	When did/does the Trans-Mongolian pass through Datong?	https://travel.stackexchange.com/questions/169730/when-did-does-the-trans-mongolian-pass-through-datong
166170	travel	6	2	1	814	How Much Could You Expect Accommodations to be Pricewise in Japan?	https://travel.stackexchange.com/questions/166170/how-much-could-you-expect-accommodations-to-be-pricewise-in-japan
108146	travel	6	2	1	7771	Do they check your passport and residence permit when travelling by train and bus in Europe?	https://travel.stackexchange.com/questions/108146/do-they-check-your-passport-and-residence-permit-when-travelling-by-train-and-bu
77722	travel	6	1	1	247	Visiting Tibet in Nov 2016, looking for recent travel experience	https://travel.stackexchange.com/questions/77722/visiting-tibet-in-nov-2016-looking-for-recent-travel-experience
52523	travel	6	3	1	874	Which airline flying out of Shanghai has the lowest cancellation fees?	https://travel.stackexchange.com/questions/52523/which-airline-flying-out-of-shanghai-has-the-lowest-cancellation-fees
102286	travel	6	1	1	34446	How can I set Baidu Maps for iOS in English?	https://travel.stackexchange.com/questions/102286/how-can-i-set-baidu-maps-for-ios-in-english
13145	expatriates	5	1	1	216	My girlfriend is 9 month pregnant, I only have a 1-month visa. How can I extend my Chinese visa?	https://expatriates.stackexchange.com/questions/13145/my-girlfriend-is-9-month-pregnant-i-only-have-a-1-month-visa-how-can-i-extend
6616	expatriates	5	0	0	118	How to get a work permit in Shanghai, China after being exchange student for 4 months?	https://expatriates.stackexchange.com/questions/6616/how-to-get-a-work-permit-in-shanghai-china-after-being-exchange-student-for-4-m
7822	expatriates	5	1	1	1083	What is the process to cancel my child&#39;s Chinese citizenship?	https://expatriates.stackexchange.com/questions/7822/what-is-the-process-to-cancel-my-childs-chinese-citizenship
22614	expatriates	5	1	1	133	What rights do the parents of an EU citizen have to live in the EU?	https://expatriates.stackexchange.com/questions/22614/what-rights-do-the-parents-of-an-eu-citizen-have-to-live-in-the-eu
17263	expatriates	5	1	1	116	Will PRC wife be permitted to enter Taiwan if I get a job there?	https://expatriates.stackexchange.com/questions/17263/will-prc-wife-be-permitted-to-enter-taiwan-if-i-get-a-job-there
7640	expatriates	5	0	0	91	Expatriate&#39;s Return to China	https://expatriates.stackexchange.com/questions/7640/expatriates-return-to-china
73615	travel	5	1	1	192	What should I expect when traveling in China during their Mid-August holiday?	https://travel.stackexchange.com/questions/73615/what-should-i-expect-when-traveling-in-china-during-their-mid-august-holiday
22691	travel	5	1	1	1232	Where to change Mongolian tugriks to Chinese RMB?	https://travel.stackexchange.com/questions/22691/where-to-change-mongolian-tugriks-to-chinese-rmb
141641	travel	5	2	1	2056	Does one need cash in Australia?	https://travel.stackexchange.com/questions/141641/does-one-need-cash-in-australia
82108	travel	5	1	1	1014	Can I purchase a SIM card at local branches in China using a credit card?	https://travel.stackexchange.com/questions/82108/can-i-purchase-a-sim-card-at-local-branches-in-china-using-a-credit-card
188792	travel	5	1	1	10345	eSIM for China with a local number	https://travel.stackexchange.com/questions/188792/esim-for-china-with-a-local-number
133317	travel	5	3	1	419	Attending a conference in Beijing with special dietary needs	https://travel.stackexchange.com/questions/133317/attending-a-conference-in-beijing-with-special-dietary-needs
61962	travel	5	2	1	281	Potential gastric problems in China	https://travel.stackexchange.com/questions/61962/potential-gastric-problems-in-china
21557	travel	5	1	1	244	Cheap cafe or restaurant with Wi-Fi in Jincheng, Yunnan, China?	https://travel.stackexchange.com/questions/21557/cheap-cafe-or-restaurant-with-wi-fi-in-jincheng-yunnan-china
65339	travel	5	1	1	625	Do I need a hotel booking to get my 72 hour free visa in China?	https://travel.stackexchange.com/questions/65339/do-i-need-a-hotel-booking-to-get-my-72-hour-free-visa-in-china
125290	travel	5	1	1	244	Is an air ticket booking record (round trip) to Hong Kong good enough to apply for a Chinese L (tourist) visa?	https://travel.stackexchange.com/questions/125290/is-an-air-ticket-booking-record-round-trip-to-hong-kong-good-enough-to-apply-f
122843	travel	5	3	1	1376	Do I need a China visa when I fly from Japan to China as a U.S Citizen	https://travel.stackexchange.com/questions/122843/do-i-need-a-china-visa-when-i-fly-from-japan-to-china-as-a-u-s-citizen
73229	travel	5	3	1	853	Accommodation close to Hong Kong International Airport	https://travel.stackexchange.com/questions/73229/accommodation-close-to-hong-kong-international-airport
69175	travel	5	4	1	5203	How to apply for a Chinese visa without knowing one&#39;s itinerary in advance?	https://travel.stackexchange.com/questions/69175/how-to-apply-for-a-chinese-visa-without-knowing-ones-itinerary-in-advance
47965	travel	5	1	1	4943	How to use JR. name suffix when booking tickets with China Railway?	https://travel.stackexchange.com/questions/47965/how-to-use-jr-name-suffix-when-booking-tickets-with-china-railway
45518	travel	5	2	1	2352	What are the current requirements and process of obtaining a multiple-entry Chinese visa for an Australian citizen in Ho Chi Minh City?	https://travel.stackexchange.com/questions/45518/what-are-the-current-requirements-and-process-of-obtaining-a-multiple-entry-chin
124991	travel	5	3	1	373	Are there immigration officers who speak Bahasa Indonesia in Kaohsiung, Taiwan airport?	https://travel.stackexchange.com/questions/124991/are-there-immigration-officers-who-speak-bahasa-indonesia-in-kaohsiung-taiwan-a
52140	travel	5	1	1	1017	How long does the tourist visa extension process take in Guangzhou, China?	https://travel.stackexchange.com/questions/52140/how-long-does-the-tourist-visa-extension-process-take-in-guangzhou-china
48835	travel	5	2	1	1211	Can I travel to Burma/Myanmar over land across the border from China?	https://travel.stackexchange.com/questions/48835/can-i-travel-to-burma-myanmar-over-land-across-the-border-from-china
22985	travel	5	1	1	344	Internet cafe with Wi-Fi in Hohhot, China?	https://travel.stackexchange.com/questions/22985/internet-cafe-with-wi-fi-in-hohhot-china
140050	travel	5	1	1	555	Getting from Macau to Zhuhai Airport	https://travel.stackexchange.com/questions/140050/getting-from-macau-to-zhuhai-airport
121703	travel	5	1	1	722	E-Ticket in Chinese Language	https://travel.stackexchange.com/questions/121703/e-ticket-in-chinese-language
183291	travel	5	1	1	1074	What&#39;s the best China mobile SIM card operator to use long term for a foreigner?	https://travel.stackexchange.com/questions/183291/whats-the-best-china-mobile-sim-card-operator-to-use-long-term-for-a-foreigner
79962	travel	5	2	1	5223	Can I get SIM card at Pudong International Airport?	https://travel.stackexchange.com/questions/79962/can-i-get-sim-card-at-pudong-international-airport
92648	travel	5	1	1	510	How likely is it to get a phone call on Didi (&quot;Uber in China&quot;)?	https://travel.stackexchange.com/questions/92648/how-likely-is-it-to-get-a-phone-call-on-didi-uber-in-china
162430	travel	5	3	1	625	Can one purchase train passes in China, or is one supposed to buy tickets one by one?	https://travel.stackexchange.com/questions/162430/can-one-purchase-train-passes-in-china-or-is-one-supposed-to-buy-tickets-one-by
162347	travel	5	1	1	452	Is there any downside in purchasing high-speed train tickets in China via the official website, instead of third-party agencies?	https://travel.stackexchange.com/questions/162347/is-there-any-downside-in-purchasing-high-speed-train-tickets-in-china-via-the-of
162311	travel	5	2	1	736	Do high-speed trains in China have an area that can be used to make audio/video calls?	https://travel.stackexchange.com/questions/162311/do-high-speed-trains-in-china-have-an-area-that-can-be-used-to-make-audio-video
122205	travel	5	1	1	1149	border formalities when entering China from Hong Kong by train	https://travel.stackexchange.com/questions/122205/border-formalities-when-entering-china-from-hong-kong-by-train
110030	travel	5	1	1	584	Using APEC Business Travel Card on the Trans-Mongolian Railway	https://travel.stackexchange.com/questions/110030/using-apec-business-travel-card-on-the-trans-mongolian-railway
98706	travel	5	1	1	629	Compensation for missed connection within EU?	https://travel.stackexchange.com/questions/98706/compensation-for-missed-connection-within-eu
16086	expatriates	4	0	0	207	How can I learn Cantonese in Guangdong?	https://expatriates.stackexchange.com/questions/16086/how-can-i-learn-cantonese-in-guangdong
15244	expatriates	4	1	1	298	After a study program ends, could I stay in China and apply for a work visa?	https://expatriates.stackexchange.com/questions/15244/after-a-study-program-ends-could-i-stay-in-china-and-apply-for-a-work-visa
12503	expatriates	4	1	1	105	Use previous yet still valid H-1B visa to enter the U.S. while my current H-1B visa application is in administrative processing	https://expatriates.stackexchange.com/questions/12503/use-previous-yet-still-valid-h-1b-visa-to-enter-the-u-s-while-my-current-h-1b-v
4364	expatriates	4	1	1	78	Renewal of Chinese student visa	https://expatriates.stackexchange.com/questions/4364/renewal-of-chinese-student-visa
21328	expatriates	4	1	1	211	Does Chinese Z visa obtained with a PU Letter restrict you to a province or city within China or are you free to travel from one province to another?	https://expatriates.stackexchange.com/questions/21328/does-chinese-z-visa-obtained-with-a-pu-letter-restrict-you-to-a-province-or-city
13269	expatriates	4	0	0	84	What can I do for a pair of kids who are in China with expired passports, expired visas?	https://expatriates.stackexchange.com/questions/13269/what-can-i-do-for-a-pair-of-kids-who-are-in-china-with-expired-passports-expire
10781	expatriates	4	1	1	91	Alien registration card in China	https://expatriates.stackexchange.com/questions/10781/alien-registration-card-in-china
8201	expatriates	4	1	1	204	UK Citizen, wife had ILR. Been away 4.5 years on International Contract, what happens when we return?	https://expatriates.stackexchange.com/questions/8201/uk-citizen-wife-had-ilr-been-away-4-5-years-on-international-contract-what-ha
8197	expatriates	4	2	1	2167	Will I be subject to the 2 year J-1 Visa program?	https://expatriates.stackexchange.com/questions/8197/will-i-be-subject-to-the-2-year-j-1-visa-program
17948	expatriates	4	1	1	1102	Is it possible to get Adderall or Ritalin in China?	https://expatriates.stackexchange.com/questions/17948/is-it-possible-to-get-adderall-or-ritalin-in-china
10113	expatriates	4	2	1	394	How can an adult get citizenship involuntarily?	https://expatriates.stackexchange.com/questions/10113/how-can-an-adult-get-citizenship-involuntarily
8862	expatriates	4	1	1	200	Transfering Money From China to the US	https://expatriates.stackexchange.com/questions/8862/transfering-money-from-china-to-the-us
8338	expatriates	4	1	1	350	Postal address without fixed abode?	https://expatriates.stackexchange.com/questions/8338/postal-address-without-fixed-abode
7638	expatriates	4	0	0	71	Can I use prepaid credit card balance for tier 4 visa?	https://expatriates.stackexchange.com/questions/7638/can-i-use-prepaid-credit-card-balance-for-tier-4-visa
6705	expatriates	4	2	1	409	1 year contract abroad: what countries can my girlfriend come and work too?	https://expatriates.stackexchange.com/questions/6705/1-year-contract-abroad-what-countries-can-my-girlfriend-come-and-work-too
6354	expatriates	4	1	1	761	Going back to school with H1B	https://expatriates.stackexchange.com/questions/6354/going-back-to-school-with-h1b
2554	expatriates	4	1	1	170	Impact of loss of old passport on Australian Immigration process	https://expatriates.stackexchange.com/questions/2554/impact-of-loss-of-old-passport-on-australian-immigration-process
139118	travel	4	0	0	514	Can I exchange Line, True or Alipay &quot;money&quot; for cash somewhere in Thailand conveniently?	https://travel.stackexchange.com/questions/139118/can-i-exchange-line-true-or-alipay-money-for-cash-somewhere-in-thailand-conve
190970	travel	4	1	1	1541	Does Taiwan use a payment system like WeChat?	https://travel.stackexchange.com/questions/190970/does-taiwan-use-a-payment-system-like-wechat
186144	travel	4	2	1	2119	Travel visa for China (Airport visit only) Japan to China - US Citizen	https://travel.stackexchange.com/questions/186144/travel-visa-for-china-airport-visit-only-japan-to-china-us-citizen
151972	travel	4	3	1	3366	Nepal visa on arrival payment method	https://travel.stackexchange.com/questions/151972/nepal-visa-on-arrival-payment-method
84508	travel	4	1	1	2403	Is a refund for the return leg of a cheap China Airlines ticket possible?	https://travel.stackexchange.com/questions/84508/is-a-refund-for-the-return-leg-of-a-cheap-china-airlines-ticket-possible
86809	travel	4	1	1	559	How to reserve an air ticket for a Chinese visa without pre-paying?	https://travel.stackexchange.com/questions/86809/how-to-reserve-an-air-ticket-for-a-chinese-visa-without-pre-paying
179079	travel	4	2	1	2166	Is Tokyo Haneda airport (HND) closed at night and do you have to enter Japan even just for transit between countries?	https://travel.stackexchange.com/questions/179079/is-tokyo-haneda-airport-hnd-closed-at-night-and-do-you-have-to-enter-japan-eve
152614	travel	4	1	1	2047	Can I claim on my travel insurance if a country closes its border?	https://travel.stackexchange.com/questions/152614/can-i-claim-on-my-travel-insurance-if-a-country-closes-its-border
125018	travel	4	2	1	139	Multiple-entry Chinese visa	https://travel.stackexchange.com/questions/125018/multiple-entry-chinese-visa
99760	travel	4	2	1	1411	Must a non-resident foreigner always carry their passport with them when in China?	https://travel.stackexchange.com/questions/99760/must-a-non-resident-foreigner-always-carry-their-passport-with-them-when-in-chin
81127	travel	4	1	1	1483	Has anyone had experience with Air China overnight layover at Shanghai?	https://travel.stackexchange.com/questions/81127/has-anyone-had-experience-with-air-china-overnight-layover-at-shanghai
73708	travel	4	2	1	3663	How can I avoid the 60 RMB commission at Pudong Airport exchange?	https://travel.stackexchange.com/questions/73708/how-can-i-avoid-the-60-rmb-commission-at-pudong-airport-exchange
65581	travel	4	1	1	7284	How does the Malaysian Transit Pass work for Indian citizens?	https://travel.stackexchange.com/questions/65581/how-does-the-malaysian-transit-pass-work-for-indian-citizens
46946	travel	4	2	1	1491	What happens when an airline carries a passenger with the wrong classification of visa?	https://travel.stackexchange.com/questions/46946/what-happens-when-an-airline-carries-a-passenger-with-the-wrong-classification-o
9316	travel	4	1	1	2170	Overnight connection in Guangzhou - where do I sleep?	https://travel.stackexchange.com/questions/9316/overnight-connection-in-guangzhou-where-do-i-sleep
182738	travel	4	2	1	5208	Can I do occasional remote work for my employer in my country of origin while on a family visit in China?	https://travel.stackexchange.com/questions/182738/can-i-do-occasional-remote-work-for-my-employer-in-my-country-of-origin-while-on
104045	travel	4	2	1	345	What to expect about the mobile phone usage during a flight to China and based on the CAAC regulations	https://travel.stackexchange.com/questions/104045/what-to-expect-about-the-mobile-phone-usage-during-a-flight-to-china-and-based-o
57839	travel	4	1	1	489	Calling from China to Home country (India) without internet access	https://travel.stackexchange.com/questions/57839/calling-from-china-to-home-country-india-without-internet-access
34512	travel	4	4	1	906	Is it typical to provide a lot of information for public transport systems in Japan?	https://travel.stackexchange.com/questions/34512/is-it-typical-to-provide-a-lot-of-information-for-public-transport-systems-in-ja
19423	travel	4	2	1	5049	ATMs which accept UnionPay IC Card in Berlin	https://travel.stackexchange.com/questions/19423/atms-which-accept-unionpay-ic-card-in-berlin
124946	travel	4	3	1	2448	Getting hold of tourist SIM card in Shenzhen, China	https://travel.stackexchange.com/questions/124946/getting-hold-of-tourist-sim-card-in-shenzhen-china
180494	travel	4	1	1	1793	How long should I allow for transferring between Shanghai Hongqiao Railway Station (上海虹桥站) and Shanghai Pudong Airport (PVG)?	https://travel.stackexchange.com/questions/180494/how-long-should-i-allow-for-transferring-between-shanghai-hongqiao-railway-stati
116315	travel	4	1	1	341	Journey planner for finding intercity train connections in China?	https://travel.stackexchange.com/questions/116315/journey-planner-for-finding-intercity-train-connections-in-china
109655	travel	4	1	1	209	Non-citizen traveling within the US after dropping off passport for visa	https://travel.stackexchange.com/questions/109655/non-citizen-traveling-within-the-us-after-dropping-off-passport-for-visa
104110	travel	4	1	1	320	Lhasa to Kathmandu by bus	https://travel.stackexchange.com/questions/104110/lhasa-to-kathmandu-by-bus
95550	travel	4	1	1	459	Overnight train to Shanghai: How do I ensure my partner and I are in the same sleeper?	https://travel.stackexchange.com/questions/95550/overnight-train-to-shanghai-how-do-i-ensure-my-partner-and-i-are-in-the-same-sl
73246	travel	4	1	1	733	Do I need a Hong Kong transit visa to travel to China from India	https://travel.stackexchange.com/questions/73246/do-i-need-a-hong-kong-transit-visa-to-travel-to-china-from-india
60598	travel	4	2	1	509	Will I be able to enjoy the 24 direct transit exemption in China?	https://travel.stackexchange.com/questions/60598/will-i-be-able-to-enjoy-the-24-direct-transit-exemption-in-china
48516	travel	4	2	1	1207	Very confused about China visa (American) and the possible 24 and 72 hour exemption rules	https://travel.stackexchange.com/questions/48516/very-confused-about-china-visa-american-and-the-possible-24-and-72-hour-exempt
20638	travel	4	1	1	460	Canadian wants to exit and re-enter Beijing without a visa, during 72 hour TWOA (Transit Without Visa)	https://travel.stackexchange.com/questions/20638/canadian-wants-to-exit-and-re-enter-beijing-without-a-visa-during-72-hour-twoa
9309	expatriates	3	1	1	190	Which visa for about a year in Spain with flexibility for Schengen?	https://expatriates.stackexchange.com/questions/9309/which-visa-for-about-a-year-in-spain-with-flexibility-for-schengen
12797	expatriates	3	1	1	173	Since and until when can I stay in China using a student visa?	https://expatriates.stackexchange.com/questions/12797/since-and-until-when-can-i-stay-in-china-using-a-student-visa
10395	expatriates	3	0	0	395	Working with an X2 visa in China	https://expatriates.stackexchange.com/questions/10395/working-with-an-x2-visa-in-china
10209	expatriates	3	1	1	851	US citizen with Japanese wife	https://expatriates.stackexchange.com/questions/10209/us-citizen-with-japanese-wife
7348	expatriates	3	1	1	909	Change China tourist visa to work visa	https://expatriates.stackexchange.com/questions/7348/change-china-tourist-visa-to-work-visa
7066	expatriates	3	1	1	64	Do I need to take my Work Permit while passing through immigration?	https://expatriates.stackexchange.com/questions/7066/do-i-need-to-take-my-work-permit-while-passing-through-immigration
6529	expatriates	3	1	1	130	Spouse Visa Options When Working In USA	https://expatriates.stackexchange.com/questions/6529/spouse-visa-options-when-working-in-usa
21918	expatriates	3	1	1	306	I am a Chinese citizen with ILR, living in the UK. Can I travel short-term to Ireland with my Irish spouse?	https://expatriates.stackexchange.com/questions/21918/i-am-a-chinese-citizen-with-ilr-living-in-the-uk-can-i-travel-short-term-to-ir
19204	expatriates	3	0	0	147	Can you relocate to Taiwan after being deported from China?	https://expatriates.stackexchange.com/questions/19204/can-you-relocate-to-taiwan-after-being-deported-from-china
13164	expatriates	3	1	1	438	What happens to a Chinese-born citizen who acquires American citizenship by their parents naturalizing?	https://expatriates.stackexchange.com/questions/13164/what-happens-to-a-chinese-born-citizen-who-acquires-american-citizenship-by-thei
6634	expatriates	3	1	1	548	Renewal of Nevada drivers license while living in China	https://expatriates.stackexchange.com/questions/6634/renewal-of-nevada-drivers-license-while-living-in-china
4444	expatriates	3	1	1	128	As a US citizen can I go to the US and sign up for obamacare for a short period of time?	https://expatriates.stackexchange.com/questions/4444/as-a-us-citizen-can-i-go-to-the-us-and-sign-up-for-obamacare-for-a-short-period
151282	travel	3	3	1	920	Are UnionPay cards universally accepted in China or would you still need Alipay or cash sometimes?	https://travel.stackexchange.com/questions/151282/are-unionpay-cards-universally-accepted-in-china-or-would-you-still-need-alipay
125944	travel	3	1	1	1594	Is it really possible to open bank account in China without a permanent address - does it mean the card is provided on the spot?	https://travel.stackexchange.com/questions/125944/is-it-really-possible-to-open-bank-account-in-china-without-a-permanent-address
105538	travel	3	2	1	3822	Do I need to get out of International Zone at Charles de Gaulle airport when changing terminals from 1 to 2e?	https://travel.stackexchange.com/questions/105538/do-i-need-to-get-out-of-international-zone-at-charles-de-gaulle-airport-when-cha
119123	travel	3	1	1	1675	Shanghai Airport (PVG) ATMs or cash exchange in terminal 2	https://travel.stackexchange.com/questions/119123/shanghai-airport-pvg-atms-or-cash-exchange-in-terminal-2
87358	travel	3	1	1	863	How does the Macau visa-on-arrival work?	https://travel.stackexchange.com/questions/87358/how-does-the-macau-visa-on-arrival-work
48940	travel	3	3	1	1693	Is there a particular bank in China that has the best fees and withdrawal limits using an Australian ANZ Bank ATM card?	https://travel.stackexchange.com/questions/48940/is-there-a-particular-bank-in-china-that-has-the-best-fees-and-withdrawal-limits
92489	travel	3	1	1	238	How can I find a hotel that can fill out a registration form for temporary visitors in China?	https://travel.stackexchange.com/questions/92489/how-can-i-find-a-hotel-that-can-fill-out-a-registration-form-for-temporary-visit
152381	travel	3	1	1	128	Economy hotel chains in China	https://travel.stackexchange.com/questions/152381/economy-hotel-chains-in-china
138686	travel	3	0	0	88	Does China always issue a 2 year tourist visa for British citizens?	https://travel.stackexchange.com/questions/138686/does-china-always-issue-a-2-year-tourist-visa-for-british-citizens
163304	travel	3	2	1	660	Abandoning Tibet tour guide	https://travel.stackexchange.com/questions/163304/abandoning-tibet-tour-guide
130983	travel	3	1	1	536	Do I have to register at the police station if the hotel doesn&#39;t do it for me after entering China with a Shenzhen Special Economic Zone Tourism Visa?	https://travel.stackexchange.com/questions/130983/do-i-have-to-register-at-the-police-station-if-the-hotel-doesnt-do-it-for-me-af
200289	travel	3	1	1	502	China Airlines changed the flight and left me stranded in Taipei	https://travel.stackexchange.com/questions/200289/china-airlines-changed-the-flight-and-left-me-stranded-in-taipei
188363	travel	3	1	1	1485	China citizen traveling to Narita. Do I need a visa?	https://travel.stackexchange.com/questions/188363/china-citizen-traveling-to-narita-do-i-need-a-visa
143111	travel	3	2	1	264	Cannot enter check out date in China Visa itinerary Section 2.6	https://travel.stackexchange.com/questions/143111/cannot-enter-check-out-date-in-china-visa-itinerary-section-2-6
142970	travel	3	1	1	1650	Changing flights after receiving Chinese visa (and some other questions)	https://travel.stackexchange.com/questions/142970/changing-flights-after-receiving-chinese-visa-and-some-other-questions
101458	travel	3	3	1	6617	Does China actually check hotel reservations listed on visa application, and how?	https://travel.stackexchange.com/questions/101458/does-china-actually-check-hotel-reservations-listed-on-visa-application-and-how
92895	travel	3	2	1	941	Chinese Visa Itinerary / Invitation requirement	https://travel.stackexchange.com/questions/92895/chinese-visa-itinerary-invitation-requirement
91983	travel	3	1	1	1010	Can I change my air ticket and hotel booking after getting a Singapore tourist visa?	https://travel.stackexchange.com/questions/91983/can-i-change-my-air-ticket-and-hotel-booking-after-getting-a-singapore-tourist-v
82161	travel	3	2	1	511	Does Canada have 5-star buffets served daily and offering Chinese delicacies like those of Hong Kong hotels?	https://travel.stackexchange.com/questions/82161/does-canada-have-5-star-buffets-served-daily-and-offering-chinese-delicacies-lik
183608	travel	3	2	1	1703	How to choose an eSIM for China + Hong Kong?	https://travel.stackexchange.com/questions/183608/how-to-choose-an-esim-for-china-hong-kong
140265	travel	3	0	0	138	Buying a SIM card for China abroad?	https://travel.stackexchange.com/questions/140265/buying-a-sim-card-for-china-abroad
105157	travel	3	1	1	396	Does my internet traffic get censored on a China Eastern flight?	https://travel.stackexchange.com/questions/105157/does-my-internet-traffic-get-censored-on-a-china-eastern-flight
51697	travel	3	2	1	2029	Chinese visiting England, have Schengen visa	https://travel.stackexchange.com/questions/51697/chinese-visiting-england-have-schengen-visa
154402	travel	3	1	1	146	What are some good resources other than google translate to help communicating with locals?	https://travel.stackexchange.com/questions/154402/what-are-some-good-resources-other-than-google-translate-to-help-communicating-w
98015	travel	3	3	1	963	Do I need an old passport to get chinese visa in Hong Kong?	https://travel.stackexchange.com/questions/98015/do-i-need-an-old-passport-to-get-chinese-visa-in-hong-kong
72332	travel	3	0	0	177	What is Kaohsiung and Taipei like 1 week after Chinese New Year	https://travel.stackexchange.com/questions/72332/what-is-kaohsiung-and-taipei-like-1-week-after-chinese-new-year
139698	travel	3	1	1	808	How can you travel on a trans-Siberian train when it is fully booked?	https://travel.stackexchange.com/questions/139698/how-can-you-travel-on-a-trans-siberian-train-when-it-is-fully-booked
194742	travel	3	1	1	2811	Is 8-hour layover in Beijing enough to visit Tiananmen Square and grab a meal? (Croatian passport, Air China transfer)	https://travel.stackexchange.com/questions/194742/is-8-hour-layover-in-beijing-enough-to-visit-tiananmen-square-and-grab-a-meal
189574	travel	3	2	1	1035	Where is the DiDi pickup at Kunming Changshui Airport?	https://travel.stackexchange.com/questions/189574/where-is-the-didi-pickup-at-kunming-changshui-airport
102927	travel	3	1	1	217	How can you navigate the metro and bus in Belarus on your smartphone?	https://travel.stackexchange.com/questions/102927/how-can-you-navigate-the-metro-and-bus-in-belarus-on-your-smartphone
180520	travel	3	1	1	545	Can I arrive in China with a short-term family visit visa (Q2) in a city that is not the home of my relative?	https://travel.stackexchange.com/questions/180520/can-i-arrive-in-china-with-a-short-term-family-visit-visa-q2-in-a-city-that-is
138473	travel	3	0	0	102	transit visa for indian passport holder in Xiamen or Shenzhen (People&#39;s Republic of China) on the way to Seattle from Tokyo (Japan)	https://travel.stackexchange.com/questions/138473/transit-visa-for-indian-passport-holder-in-xiamen-or-shenzhen-peoples-republic
115233	travel	3	1	1	342	Tourist visa to China - return ticket	https://travel.stackexchange.com/questions/115233/tourist-visa-to-china-return-ticket
61941	travel	3	0	0	177	Two possible itineraries on the Silk Road	https://travel.stackexchange.com/questions/61941/two-possible-itineraries-on-the-silk-road
55894	travel	3	0	0	188	Which cities should I visit in China to feel and live the three kingdoms era?	https://travel.stackexchange.com/questions/55894/which-cities-should-i-visit-in-china-to-feel-and-live-the-three-kingdoms-era
46535	travel	3	1	1	177	Lockers in China	https://travel.stackexchange.com/questions/46535/lockers-in-china
24099	travel	3	2	1	212	Train schedules from Guangzhou, China to Shenzhen, China	https://travel.stackexchange.com/questions/24099/train-schedules-from-guangzhou-china-to-shenzhen-china
23939	travel	3	3	1	2806	What is the cheapest way to get to and from Taipei, Taiwan to Shenzhen, China?	https://travel.stackexchange.com/questions/23939/what-is-the-cheapest-way-to-get-to-and-from-taipei-taiwan-to-shenzhen-china
10973	travel	3	3	1	2070	Not so famous places to visit from Singapore under $500	https://travel.stackexchange.com/questions/10973/not-so-famous-places-to-visit-from-singapore-under-500
93100	travel	3	3	1	521	Where can I find information about extending a Chinese tourist visa in Xi&#39;an, Shaanxi?	https://travel.stackexchange.com/questions/93100/where-can-i-find-information-about-extending-a-chinese-tourist-visa-in-xian-sh
132046	travel	3	0	0	157	Coordinating reverse flight itineraries	https://travel.stackexchange.com/questions/132046/coordinating-reverse-flight-itineraries
12779	expatriates	2	2	1	1801	Does entering by a student visa and not attending the school cause the future ban of the entry in China?	https://expatriates.stackexchange.com/questions/12779/does-entering-by-a-student-visa-and-not-attending-the-school-cause-the-future-ba
12735	expatriates	2	1	1	67	Going to work overseas for 6 months and study a language	https://expatriates.stackexchange.com/questions/12735/going-to-work-overseas-for-6-months-and-study-a-language
5509	expatriates	2	1	1	96	How to get a Chinese motorcycle driver&#39;s license with 1 year (90 days entry) visa?	https://expatriates.stackexchange.com/questions/5509/how-to-get-a-chinese-motorcycle-drivers-license-with-1-year-90-days-entry-vis
20814	expatriates	2	1	1	133	Can a permanent resident file I-130 &amp; I-485 for spouse concurrently if final action date is current and spouse lives in the US?	https://expatriates.stackexchange.com/questions/20814/can-a-permanent-resident-file-i-130-i-485-for-spouse-concurrently-if-final-act
21625	expatriates	2	3	1	563	Hong Kong visa for Chinese passport holder living abroad?	https://expatriates.stackexchange.com/questions/21625/hong-kong-visa-for-chinese-passport-holder-living-abroad
14980	expatriates	2	1	1	354	China Z visa: what happens if I quit the job during probation period?	https://expatriates.stackexchange.com/questions/14980/china-z-visa-what-happens-if-i-quit-the-job-during-probation-period
17686	expatriates	2	1	1	147	How fast can my spouse get her green card based on my green card?	https://expatriates.stackexchange.com/questions/17686/how-fast-can-my-spouse-get-her-green-card-based-on-my-green-card
13555	expatriates	2	2	1	235	How can we take our new born baby outside China, or get him a passport?	https://expatriates.stackexchange.com/questions/13555/how-can-we-take-our-new-born-baby-outside-china-or-get-him-a-passport
14843	expatriates	2	1	1	103	Best way for Chinese citizens to get jobs not in China?	https://expatriates.stackexchange.com/questions/14843/best-way-for-chinese-citizens-to-get-jobs-not-in-china
11964	expatriates	2	0	0	158	How to prove Means of Subsistence for two years of graduate school in Europe?	https://expatriates.stackexchange.com/questions/11964/how-to-prove-means-of-subsistence-for-two-years-of-graduate-school-in-europe
11368	expatriates	2	1	1	143	Marriage and double-citizenship	https://expatriates.stackexchange.com/questions/11368/marriage-and-double-citizenship
11165	expatriates	2	1	1	239	Renew Chinese driving license on a Q2 visa	https://expatriates.stackexchange.com/questions/11165/renew-chinese-driving-license-on-a-q2-visa
10505	expatriates	2	0	0	66	Netherlands tax return for former resident now in the US	https://expatriates.stackexchange.com/questions/10505/netherlands-tax-return-for-former-resident-now-in-the-us
10025	expatriates	2	0	0	188	Fastest way for EU member to marry non-resident Chinese national?	https://expatriates.stackexchange.com/questions/10025/fastest-way-for-eu-member-to-marry-non-resident-chinese-national
8657	expatriates	2	0	0	103	X2 Visa for Chinese Course in Shanghai as an Australian?	https://expatriates.stackexchange.com/questions/8657/x2-visa-for-chinese-course-in-shanghai-as-an-australian
6178	expatriates	2	0	0	46	Should I first get a visitor visa to study Chinese or apply directly for resident visa?	https://expatriates.stackexchange.com/questions/6178/should-i-first-get-a-visitor-visa-to-study-chinese-or-apply-directly-for-residen
21103	expatriates	2	0	0	70	The mathematics of US visa bulletin	https://expatriates.stackexchange.com/questions/21103/the-mathematics-of-us-visa-bulletin
28355	expatriates	2	1	1	122	How to keep my child with me in India, and out of China?	https://expatriates.stackexchange.com/questions/28355/how-to-keep-my-child-with-me-in-india-and-out-of-china
26561	expatriates	2	0	0	113	Bringing foreign in-laws to Germany with new immigration law	https://expatriates.stackexchange.com/questions/26561/bringing-foreign-in-laws-to-germany-with-new-immigration-law
24164	expatriates	2	1	1	113	Problem accessing Bank of China account from the UK	https://expatriates.stackexchange.com/questions/24164/problem-accessing-bank-of-china-account-from-the-uk
23966	expatriates	2	1	1	825	Do I lose my properties in China if I give up Chinese citizenship?	https://expatriates.stackexchange.com/questions/23966/do-i-lose-my-properties-in-china-if-i-give-up-chinese-citizenship
19546	expatriates	2	1	1	3955	Question about England Qualification Framework	https://expatriates.stackexchange.com/questions/19546/question-about-england-qualification-framework
17850	expatriates	2	2	1	199	Getting the Canadian citizenship for my 3 years old child	https://expatriates.stackexchange.com/questions/17850/getting-the-canadian-citizenship-for-my-3-years-old-child
14738	expatriates	2	3	1	166	Best water supply in China	https://expatriates.stackexchange.com/questions/14738/best-water-supply-in-china
13129	expatriates	2	3	1	136	UK citizen working overseas. Planning a 2-week vacation. For purposes of travel insurance, how long is my “trip”?	https://expatriates.stackexchange.com/questions/13129/uk-citizen-working-overseas-planning-a-2-week-vacation-for-purposes-of-travel
13127	expatriates	2	1	1	4489	Hong Kong ID card and Chinese Nationality	https://expatriates.stackexchange.com/questions/13127/hong-kong-id-card-and-chinese-nationality
11133	expatriates	2	1	1	376	Canadian &quot;inland&quot; spousal sponsorship and conditions of stay with a study permit	https://expatriates.stackexchange.com/questions/11133/canadian-inland-spousal-sponsorship-and-conditions-of-stay-with-a-study-permit
8858	expatriates	2	1	1	129	Obtaining China Driver&#39;s License with Other Country&#39;s Expired License	https://expatriates.stackexchange.com/questions/8858/obtaining-china-drivers-license-with-other-countrys-expired-license
7783	expatriates	2	1	1	524	Can I renew chinese passport if I renounce US citizenship?	https://expatriates.stackexchange.com/questions/7783/can-i-renew-chinese-passport-if-i-renounce-us-citizenship
126538	travel	2	2	1	643	What is the best alternative for cash payments in Thailand?	https://travel.stackexchange.com/questions/126538/what-is-the-best-alternative-for-cash-payments-in-thailand
154025	travel	2	4	1	749	Staying in Sunnyvale, visiting San Francisco 1 day. Which transport pass?	https://travel.stackexchange.com/questions/154025/staying-in-sunnyvale-visiting-san-francisco-1-day-which-transport-pass
93051	travel	2	1	1	117	Europe -&gt; Mainland CN -&gt; Taiwan max Cash?	https://travel.stackexchange.com/questions/93051/europe-mainland-cn-taiwan-max-cash
30188	travel	2	4	1	486	Are there any restaurants serving real chinese food in Benelux?	https://travel.stackexchange.com/questions/30188/are-there-any-restaurants-serving-real-chinese-food-in-benelux
182844	travel	2	0	0	462	Damaged luggage compansation -Air China	https://travel.stackexchange.com/questions/182844/damaged-luggage-compansation-air-china
161171	travel	2	2	1	355	Can I enter Canada, have a COVID-19 test then continue to another country?	https://travel.stackexchange.com/questions/161171/can-i-enter-canada-have-a-covid-19-test-then-continue-to-another-country
144072	travel	2	1	1	522	Traveling to Schengen - US Greencard within 3 months Expiry	https://travel.stackexchange.com/questions/144072/traveling-to-schengen-us-greencard-within-3-months-expiry
132933	travel	2	1	1	241	Shanghai layover at night - shopping	https://travel.stackexchange.com/questions/132933/shanghai-layover-at-night-shopping
130785	travel	2	0	0	154	After entering Mainland China with the transit-without-visa (TWOV) program, does one have to register with the local police station?	https://travel.stackexchange.com/questions/130785/after-entering-mainland-china-with-the-transit-without-visa-twov-program-does
121011	travel	2	2	1	1430	Transit visa for South Korea as a Pakistani citizen?	https://travel.stackexchange.com/questions/121011/transit-visa-for-south-korea-as-a-pakistani-citizen
116697	travel	2	2	1	1018	On a Chinese visa application, how strict are the hotel detail requirements?	https://travel.stackexchange.com/questions/116697/on-a-chinese-visa-application-how-strict-are-the-hotel-detail-requirements
102915	travel	2	3	1	407	Which should be done first - visa or trip itinerary?	https://travel.stackexchange.com/questions/102915/which-should-be-done-first-visa-or-trip-itinerary
62262	travel	2	1	1	375	How flexible are Chinese tourist visas?	https://travel.stackexchange.com/questions/62262/how-flexible-are-chinese-tourist-visas
103395	travel	2	0	0	56	VPN that works in China as of October 2017	https://travel.stackexchange.com/questions/103395/vpn-that-works-in-china-as-of-october-2017
113949	travel	2	1	1	1353	American Airlines in-flight entertainment system language choices	https://travel.stackexchange.com/questions/113949/american-airlines-in-flight-entertainment-system-language-choices
79607	travel	2	0	0	303	Which visa for longer than 90 days in Europe with Spain as primary location?	https://travel.stackexchange.com/questions/79607/which-visa-for-longer-than-90-days-in-europe-with-spain-as-primary-location
68190	travel	2	1	1	1584	Spanish Schengen visa: No appointment available in the next two months	https://travel.stackexchange.com/questions/68190/spanish-schengen-visa-no-appointment-available-in-the-next-two-months
45563	travel	2	2	1	111	Buy and taste tea in China	https://travel.stackexchange.com/questions/45563/buy-and-taste-tea-in-china
110428	travel	2	1	1	8256	Is it useful to buy a prepaid SIM card at HK airport but use it in the mainland?	https://travel.stackexchange.com/questions/110428/is-it-useful-to-buy-a-prepaid-sim-card-at-hk-airport-but-use-it-in-the-mainland
95885	travel	2	2	1	467	China intercity taxi / taxi-like transport	https://travel.stackexchange.com/questions/95885/china-intercity-taxi-taxi-like-transport
62740	travel	2	1	1	178	China intercity travel by taxi or minivan	https://travel.stackexchange.com/questions/62740/china-intercity-travel-by-taxi-or-minivan
189234	travel	2	3	1	489	Baidu Maps route planner doesn&#39;t show trains between Shanghai and Wuxi	https://travel.stackexchange.com/questions/189234/baidu-maps-route-planner-doesnt-show-trains-between-shanghai-and-wuxi
184636	travel	2	1	1	415	What&#39;s the Luohu highway port in Shenzhen that is allowed to be used as an exit port after being granted 144h visa-free transit in Guangdong Province?	https://travel.stackexchange.com/questions/184636/whats-the-luohu-highway-port-in-shenzhen-that-is-allowed-to-be-used-as-an-exit
173604	travel	2	2	1	3152	International itinerary followed by a separate domestic itinerary at LAX, do I need to go through security again?	https://travel.stackexchange.com/questions/173604/international-itinerary-followed-by-a-separate-domestic-itinerary-at-lax-do-i-n
162189	travel	2	1	1	276	Is the boarding process/time the same for any train in China, or does the bullet train have its special boarding process?	https://travel.stackexchange.com/questions/162189/is-the-boarding-process-time-the-same-for-any-train-in-china-or-does-the-bullet
147288	travel	2	2	1	251	Kazakhstan to China by train in 2019?	https://travel.stackexchange.com/questions/147288/kazakhstan-to-china-by-train-in-2019
146830	travel	2	1	1	227	From Myanmar or India to Europe overland	https://travel.stackexchange.com/questions/146830/from-myanmar-or-india-to-europe-overland
141902	travel	2	1	1	219	Visa requirements from Pakistan to Taiwan to go to China	https://travel.stackexchange.com/questions/141902/visa-requirements-from-pakistan-to-taiwan-to-go-to-china
138532	travel	2	1	1	833	Do flights to/from Hong Kong count as flights to/from China for the purpose of acquiring a Chinese visa?	https://travel.stackexchange.com/questions/138532/do-flights-to-from-hong-kong-count-as-flights-to-from-china-for-the-purpose-of-a
118924	travel	2	1	1	512	Where can a U.S. citizen get a Russian visa in Europe?	https://travel.stackexchange.com/questions/118924/where-can-a-u-s-citizen-get-a-russian-visa-in-europe
99060	travel	2	2	1	369	Hong Kong visa for overseas Chinese	https://travel.stackexchange.com/questions/99060/hong-kong-visa-for-overseas-chinese
95277	travel	2	0	0	77	Can I travel to Russia and China with a passport whose cover is fading?	https://travel.stackexchange.com/questions/95277/can-i-travel-to-russia-and-china-with-a-passport-whose-cover-is-fading
94762	travel	2	2	1	187	Chinese tourist L visa and visiting Hong Kong	https://travel.stackexchange.com/questions/94762/chinese-tourist-l-visa-and-visiting-hong-kong
85349	travel	2	2	1	845	Dual citizenship (US and Ecuador) travel to China	https://travel.stackexchange.com/questions/85349/dual-citizenship-us-and-ecuador-travel-to-china
21660	travel	2	1	1	167	Where can I see dolphins in the sea near North-East China?	https://travel.stackexchange.com/questions/21660/where-can-i-see-dolphins-in-the-sea-near-north-east-china
15028	expatriates	1	0	0	34	A question about Residence permit in China here (X1 Visa)	https://expatriates.stackexchange.com/questions/15028/a-question-about-residence-permit-in-china-here-x1-visa
14687	expatriates	1	0	0	15	China visa/work permit transfer	https://expatriates.stackexchange.com/questions/14687/china-visa-work-permit-transfer
14119	expatriates	1	0	0	365	UK Tier 2 visa validity after I quit my job	https://expatriates.stackexchange.com/questions/14119/uk-tier-2-visa-validity-after-i-quit-my-job
12949	expatriates	1	1	1	144	Indian-Chinese unmarried couple got pregnant. How to get Chinese citizenship for the baby?	https://expatriates.stackexchange.com/questions/12949/indian-chinese-unmarried-couple-got-pregnant-how-to-get-chinese-citizenship-for
11831	expatriates	1	0	0	110	Can I apply for residency permit in Finland on a Schengen Visa?	https://expatriates.stackexchange.com/questions/11831/can-i-apply-for-residency-permit-in-finland-on-a-schengen-visa
11366	expatriates	1	1	1	78	UK Tier Four Student Visa, Common Wealth Question Answered Incorrectly	https://expatriates.stackexchange.com/questions/11366/uk-tier-four-student-visa-common-wealth-question-answered-incorrectly
10339	expatriates	1	0	0	216	Question about UK short-term student visa online application form	https://expatriates.stackexchange.com/questions/10339/question-about-uk-short-term-student-visa-online-application-form
21102	expatriates	1	0	0	66	What makes US immigrant visa processing times different?	https://expatriates.stackexchange.com/questions/21102/what-makes-us-immigrant-visa-processing-times-different
21064	expatriates	1	1	1	117	US Visa Bulletin: What about other countries?	https://expatriates.stackexchange.com/questions/21064/us-visa-bulletin-what-about-other-countries
21063	expatriates	1	1	1	65	US family sponsorship queue query	https://expatriates.stackexchange.com/questions/21063/us-family-sponsorship-queue-query
27365	expatriates	1	1	1	282	Can I study different degrees in two universities in China at the same time?	https://expatriates.stackexchange.com/questions/27365/can-i-study-different-degrees-in-two-universities-in-china-at-the-same-time
27269	expatriates	1	1	1	193	Am I eligible for a work visa for Hong Kong after overstaying in China?	https://expatriates.stackexchange.com/questions/27269/am-i-eligible-for-a-work-visa-for-hong-kong-after-overstaying-in-china
24678	expatriates	1	0	0	81	US/Chinese newlyweds living in China, hoping to visit family in the USA, and return to our life in China	https://expatriates.stackexchange.com/questions/24678/us-chinese-newlyweds-living-in-china-hoping-to-visit-family-in-the-usa-and-ret
19197	expatriates	1	1	1	167	Extending stay under Family Visa UK	https://expatriates.stackexchange.com/questions/19197/extending-stay-under-family-visa-uk
17368	expatriates	1	1	0	1423	Can I study in Germany with a criminal record from the US	https://expatriates.stackexchange.com/questions/17368/can-i-study-in-germany-with-a-criminal-record-from-the-us
17310	expatriates	1	1	1	593	How does a drug arrest in the US affect chances of a student visa in Germany?	https://expatriates.stackexchange.com/questions/17310/how-does-a-drug-arrest-in-the-us-affect-chances-of-a-student-visa-in-germany
12388	expatriates	1	1	1	272	UK Ancestral visa - dependents: which visa type my I select	https://expatriates.stackexchange.com/questions/12388/uk-ancestral-visa-dependents-which-visa-type-my-i-select
9652	expatriates	1	1	1	84	Working during the summer while studying PhD	https://expatriates.stackexchange.com/questions/9652/working-during-the-summer-while-studying-phd
9079	expatriates	1	1	1	1083	What&#39;s the minimum length of time on an IR1 visa entry to USA?	https://expatriates.stackexchange.com/questions/9079/whats-the-minimum-length-of-time-on-an-ir1-visa-entry-to-usa
14398	expatriates	1	0	0	96	Do I need to renew my carte de s&#233;jour if I left France for over a year?	https://expatriates.stackexchange.com/questions/14398/do-i-need-to-renew-my-carte-de-s%c3%a9jour-if-i-left-france-for-over-a-year
14060	expatriates	1	1	1	1362	Validity of Chinese residence permit upon work permit cancellation and leaving China	https://expatriates.stackexchange.com/questions/14060/validity-of-chinese-residence-permit-upon-work-permit-cancellation-and-leaving-c
13479	expatriates	1	2	1	134	What is the average time for getting an EB-3 Green Card?	https://expatriates.stackexchange.com/questions/13479/what-is-the-average-time-for-getting-an-eb-3-green-card
9033	expatriates	1	1	1	168	Receive payment outside university when on F1 visa?	https://expatriates.stackexchange.com/questions/9033/receive-payment-outside-university-when-on-f1-visa
189481	travel	1	2	1	2354	Travelling with two passports, both are valid from the same country	https://travel.stackexchange.com/questions/189481/travelling-with-two-passports-both-are-valid-from-the-same-country
172647	travel	1	3	1	219	How card / e-payment friendly is Dubai	https://travel.stackexchange.com/questions/172647/how-card-e-payment-friendly-is-dubai
117292	travel	1	1	1	2233	Cancelling hotel bookings after getting a Chinese visa	https://travel.stackexchange.com/questions/117292/cancelling-hotel-bookings-after-getting-a-chinese-visa
103073	travel	1	0	0	80	Visa requirement for Chinese passport holder going from Shenzhen to Hong Kong	https://travel.stackexchange.com/questions/103073/visa-requirement-for-chinese-passport-holder-going-from-shenzhen-to-hong-kong
192599	travel	1	0	0	211	Alternative document for Carta de invitaci&#243;n?	https://travel.stackexchange.com/questions/192599/alternative-document-for-carta-de-invitaci%c3%b3n
147468	travel	1	1	1	273	Rent mobile WiFi hotspot for China	https://travel.stackexchange.com/questions/147468/rent-mobile-wifi-hotspot-for-china
125321	travel	1	2	1	368	Does one have to show documents containing itinerary even if one has an invitation letter to apply for a Chinese L (tourist) visa?	https://travel.stackexchange.com/questions/125321/does-one-have-to-show-documents-containing-itinerary-even-if-one-has-an-invitati
118066	travel	1	1	0	1715	Travelling as unmarried couple in Indonesia	https://travel.stackexchange.com/questions/118066/travelling-as-unmarried-couple-in-indonesia
103587	travel	1	1	1	147	How early can I apply for a tourist visa for China?	https://travel.stackexchange.com/questions/103587/how-early-can-i-apply-for-a-tourist-visa-for-china
53865	travel	1	2	1	361	Is it possible to ship my belongings including new items from China to my Hotel in the U.S. if I am not a U.S. citizen?	https://travel.stackexchange.com/questions/53865/is-it-possible-to-ship-my-belongings-including-new-items-from-china-to-my-hotel
82182	travel	1	0	0	129	Chinese SIM cards	https://travel.stackexchange.com/questions/82182/chinese-sim-cards
61822	travel	1	0	0	132	transit visa rules for air travel?	https://travel.stackexchange.com/questions/61822/transit-visa-rules-for-air-travel
123689	travel	1	2	1	151	144hr Chinese Exemption - Cruising Tianjin to Shanghai?	https://travel.stackexchange.com/questions/123689/144hr-chinese-exemption-cruising-tianjin-to-shanghai
203518	travel	1	1	1	271	Entering China, return ticket requirement?	https://travel.stackexchange.com/questions/203518/entering-china-return-ticket-requirement
187728	travel	1	2	1	607	Guidance on switching airlines and terminals at Heathrow airport	https://travel.stackexchange.com/questions/187728/guidance-on-switching-airlines-and-terminals-at-heathrow-airport
179058	travel	1	1	1	225	Can these vaccine records and test tool kit satisfy the requirements for entering Hong Kong?	https://travel.stackexchange.com/questions/179058/can-these-vaccine-records-and-test-tool-kit-satisfy-the-requirements-for-enterin
143272	travel	1	0	0	209	Route/Travel planning tool like Rome2Rio with options for Bus/Train/Flight for China trip	https://travel.stackexchange.com/questions/143272/route-travel-planning-tool-like-rome2rio-with-options-for-bus-train-flight-for-c
132143	travel	1	1	1	235	Do I need a China Visa for Taiwan China Japan flights booked on different airlines?	https://travel.stackexchange.com/questions/132143/do-i-need-a-china-visa-for-taiwan-china-japan-flights-booked-on-different-airlin
26869	expatriates	0	1	1	3612	Travel through Europe while waiting for residence permit (with visa)	https://expatriates.stackexchange.com/questions/26869/travel-through-europe-while-waiting-for-residence-permit-with-visa
24471	expatriates	0	1	1	788	Married filing jointly in the US: TN visa holder (resident alien) marrying an F1 student (non-resident alien)	https://expatriates.stackexchange.com/questions/24471/married-filing-jointly-in-the-us-tn-visa-holder-resident-alien-marrying-an-f1
24423	expatriates	0	1	1	166	How does the consular officer decide whether to grant a 1-year or 5-year F1 visa to Chinese students?	https://expatriates.stackexchange.com/questions/24423/how-does-the-consular-officer-decide-whether-to-grant-a-1-year-or-5-year-f1-visa
24125	expatriates	0	0	0	58	Is visiting China for the funeral of a parent a guaranteed reason to earn an expedited visa?	https://expatriates.stackexchange.com/questions/24125/is-visiting-china-for-the-funeral-of-a-parent-a-guaranteed-reason-to-earn-an-exp
21950	expatriates	0	1	1	246	Can I marry a Chinese citizen in Germany as Blue Card holder?	https://expatriates.stackexchange.com/questions/21950/can-i-marry-a-chinese-citizen-in-germany-as-blue-card-holder
17410	expatriates	0	2	1	1540	Cancelling China residence permit	https://expatriates.stackexchange.com/questions/17410/cancelling-china-residence-permit
10181	expatriates	0	1	1	175	Applying for a UK spouse visa, how long should we say we are going to stay?	https://expatriates.stackexchange.com/questions/10181/applying-for-a-uk-spouse-visa-how-long-should-we-say-we-are-going-to-stay
142822	travel	0	0	0	76	got refusal two times from Swiss Embassy,	https://travel.stackexchange.com/questions/142822/got-refusal-two-times-from-swiss-embassy
123821	travel	0	1	1	176	My Irish bank account was just opened last week. Apply for standard visitor uk visa	https://travel.stackexchange.com/questions/123821/my-irish-bank-account-was-just-opened-last-week-apply-for-standard-visitor-uk-v
181637	travel	0	0	0	149	Passport lost in Italy with valid France Schengen visa	https://travel.stackexchange.com/questions/181637/passport-lost-in-italy-with-valid-france-schengen-visa
111410	travel	0	1	1	973	Transferring international to international at Shanghai Pudong	https://travel.stackexchange.com/questions/111410/transferring-international-to-international-at-shanghai-pudong
9476	travel	0	1	1	639	where can I send free sms to hong kong	https://travel.stackexchange.com/questions/9476/where-can-i-send-free-sms-to-hong-kong
112845	travel	0	1	1	257	What languages to get by with in most of the world?	https://travel.stackexchange.com/questions/112845/what-languages-to-get-by-with-in-most-of-the-world
114917	travel	0	1	1	449	Which banks in mainland China (if any) don&#39;t charge ATM withdrawal fees	https://travel.stackexchange.com/questions/114917/which-banks-in-mainland-china-if-any-dont-charge-atm-withdrawal-fees
115780	travel	0	1	1	283	Will I need to pay to have my baggage rechecked at the airport on a multi-destination trip?	https://travel.stackexchange.com/questions/115780/will-i-need-to-pay-to-have-my-baggage-rechecked-at-the-airport-on-a-multi-destin
156371	travel	0	4	1	448	Is it really necessary to physically visit a given location in order to &quot;truly get the place&quot;?	https://travel.stackexchange.com/questions/156371/is-it-really-necessary-to-physically-visit-a-given-location-in-order-to-truly-g
182461	travel	0	0	0	481	Auroville Visa Run (without flying)	https://travel.stackexchange.com/questions/182461/auroville-visa-run-without-flying
23858	travel	0	1	1	216	Flight Ticket to around the world	https://travel.stackexchange.com/questions/23858/flight-ticket-to-around-the-world
19685	travel	0	0	0	197	How feasible is it to travel from Singapore all the way to London only by Train	https://travel.stackexchange.com/questions/19685/how-feasible-is-it-to-travel-from-singapore-all-the-way-to-london-only-by-train
53504	travel	-2	1	1	627	Which similar/confusable airport names are furthest apart?	https://travel.stackexchange.com/questions/53504/which-similar-confusable-airport-names-are-furthest-apart